<?xml version="1.0" encoding="UTF-8"?>
<root>
	<logs>
		<username>0001</username>
		<office_id>21</office_id>
		<command>EDIT EMPLOYEE</command>
		<details>Edit employee (004002)</details>
		<employee_id_affected>004002</employee_id_affected>
		<date>2010-12-02 12:11:00</date>
	</logs>
	<logs>
		<username>0001</username>
		<office_id>21</office_id>
		<command>DOWNLOAD ZIP FILE</command>
		<details>Download zip file from computer</details>
		<employee_id_affected></employee_id_affected>
		<date>2010-12-02 04:55:00</date>
	</logs>
	<logs>
		<username>0001</username>
		<office_id>21</office_id>
		<command>DOWNLOAD ZIP FILE</command>
		<details>Download zip file from computer</details>
		<employee_id_affected></employee_id_affected>
		<date>2010-12-02 04:45:00</date>
	</logs>
	<logs>
		<username>0001</username>
		<office_id>21</office_id>
		<command>DOWNLOAD LOGS</command>
		<details>Download logs from machine</details>
		<employee_id_affected></employee_id_affected>
		<date>2010-12-02 04:38:00</date>
	</logs>
	<logs>
		<username>0001</username>
		<office_id>21</office_id>
		<command>DOWNLOAD LOGS</command>
		<details>Download logs from machine</details>
		<employee_id_affected></employee_id_affected>
		<date>2010-12-02 04:29:00</date>
	</logs>
	<logs>
		<username>0001</username>
		<office_id>21</office_id>
		<command>DOWNLOAD LOGS</command>
		<details>Download logs from machine</details>
		<employee_id_affected></employee_id_affected>
		<date>2010-12-02 04:22:00</date>
	</logs>
	<logs>
		<username>0001</username>
		<office_id>21</office_id>
		<command>DOWNLOAD LOGS</command>
		<details>Download logs from machine</details>
		<employee_id_affected></employee_id_affected>
		<date>2010-12-02 04:18:00</date>
	</logs>
	<logs>
		<username>0001</username>
		<office_id>21</office_id>
		<command>DOWNLOAD LOGS</command>
		<details>Download logs from machine</details>
		<employee_id_affected></employee_id_affected>
		<date>2010-12-02 03:50:00</date>
	</logs>
	<logs>
		<username>0001</username>
		<office_id>21</office_id>
		<command>DOWNLOAD LOGS</command>
		<details>Download logs from machine</details>
		<employee_id_affected></employee_id_affected>
		<date>2010-12-02 03:48:00</date>
	</logs>
	<logs>
		<username>0001</username>
		<office_id>21</office_id>
		<command>DOWNLOAD LOGS</command>
		<details>Download logs from machine</details>
		<employee_id_affected></employee_id_affected>
		<date>2010-12-02 03:47:00</date>
	</logs>
	<logs>
		<username>0001</username>
		<office_id>21</office_id>
		<command>DOWNLOAD LOGS</command>
		<details>Download logs from machine</details>
		<employee_id_affected></employee_id_affected>
		<date>2010-12-02 03:46:00</date>
	</logs>
	<logs>
		<username>0001</username>
		<office_id>21</office_id>
		<command>DOWNLOAD LOGS</command>
		<details>Download logs from machine</details>
		<employee_id_affected></employee_id_affected>
		<date>2010-12-02 03:45:00</date>
	</logs>
	<logs>
		<username>0001</username>
		<office_id>21</office_id>
		<command>DOWNLOAD LOGS</command>
		<details>Download logs from machine</details>
		<employee_id_affected></employee_id_affected>
		<date>2010-12-02 03:42:00</date>
	</logs>
	<logs>
		<username>0001</username>
		<office_id>21</office_id>
		<command>DOWNLOAD LOGS</command>
		<details>Download logs from machine</details>
		<employee_id_affected></employee_id_affected>
		<date>2010-12-02 03:41:00</date>
	</logs>
	<logs>
		<username>0001</username>
		<office_id>21</office_id>
		<command>DOWNLOAD LOGS</command>
		<details>Download logs from machine</details>
		<employee_id_affected></employee_id_affected>
		<date>2010-12-02 03:40:00</date>
	</logs>
	<logs>
		<username>0001</username>
		<office_id>21</office_id>
		<command>DOWNLOAD LOGS</command>
		<details>Download logs from machine</details>
		<employee_id_affected></employee_id_affected>
		<date>2010-12-02 03:31:00</date>
	</logs>
	<logs>
		<username>0001</username>
		<office_id>21</office_id>
		<command>DOWNLOAD LOGS</command>
		<details>Download logs from machine</details>
		<employee_id_affected></employee_id_affected>
		<date>2010-12-02 03:28:00</date>
	</logs>
	<logs>
		<username>0001</username>
		<office_id>21</office_id>
		<command>DOWNLOAD LOGS</command>
		<details>Download logs from machine</details>
		<employee_id_affected></employee_id_affected>
		<date>2010-12-02 03:24:00</date>
	</logs>
	<logs>
		<username>0001</username>
		<office_id>21</office_id>
		<command>DOWNLOAD LOGS</command>
		<details>Download logs from machine</details>
		<employee_id_affected></employee_id_affected>
		<date>2010-12-02 03:20:00</date>
	</logs>
	<logs>
		<username>0001</username>
		<office_id>21</office_id>
		<command>DOWNLOAD LOGS</command>
		<details>Download logs from machine</details>
		<employee_id_affected></employee_id_affected>
		<date>2010-12-02 03:17:00</date>
	</logs>
	<logs>
		<username>0001</username>
		<office_id>21</office_id>
		<command>LOGGED IN</command>
		<details></details>
		<employee_id_affected></employee_id_affected>
		<date>2010-12-01 09:42:35</date>
	</logs>
	<logs>
		<username>0001</username>
		<office_id>21</office_id>
		<command>LOGGED IN</command>
		<details></details>
		<employee_id_affected></employee_id_affected>
		<date>2010-11-29 20:23:51</date>
	</logs>
	<logs>
		<username>0001</username>
		<office_id>21</office_id>
		<command>LOGGED IN</command>
		<details></details>
		<employee_id_affected></employee_id_affected>
		<date>2010-11-29 17:21:14</date>
	</logs>
	<logs>
		<username>0001</username>
		<office_id>21</office_id>
		<command>LOGGED IN</command>
		<details></details>
		<employee_id_affected></employee_id_affected>
		<date>2010-11-28 21:27:32</date>
	</logs>
	<logs>
		<username>0001</username>
		<office_id>21</office_id>
		<command>LOGGED IN</command>
		<details></details>
		<employee_id_affected></employee_id_affected>
		<date>2010-11-28 18:53:23</date>
	</logs>
	<logs>
		<username>0001</username>
		<office_id>24</office_id>
		<command>MANUAL LOG</command>
		<details></details>
		<employee_id_affected>018001</employee_id_affected>
		<date>2010-11-28 13:49:39</date>
	</logs>
	<logs>
		<username>0001</username>
		<office_id>24</office_id>
		<command>MANUAL LOG</command>
		<details></details>
		<employee_id_affected>018012</employee_id_affected>
		<date>2010-11-28 13:49:39</date>
	</logs>
	<logs>
		<username>0001</username>
		<office_id>24</office_id>
		<command>MANUAL LOG</command>
		<details></details>
		<employee_id_affected>018012</employee_id_affected>
		<date>2010-11-28 13:49:39</date>
	</logs>
	<logs>
		<username>0001</username>
		<office_id>24</office_id>
		<command>MANUAL LOG</command>
		<details></details>
		<employee_id_affected>018012</employee_id_affected>
		<date>2010-11-28 13:49:39</date>
	</logs>
	<logs>
		<username>0001</username>
		<office_id>24</office_id>
		<command>MANUAL LOG</command>
		<details></details>
		<employee_id_affected>018012</employee_id_affected>
		<date>2010-11-28 13:49:39</date>
	</logs>
	<logs>
		<username>0001</username>
		<office_id>24</office_id>
		<command>MANUAL LOG</command>
		<details></details>
		<employee_id_affected>018012</employee_id_affected>
		<date>2010-11-28 13:49:39</date>
	</logs>
	<logs>
		<username>0001</username>
		<office_id>24</office_id>
		<command>MANUAL LOG</command>
		<details></details>
		<employee_id_affected>018012</employee_id_affected>
		<date>2010-11-28 13:49:39</date>
	</logs>
	<logs>
		<username>0001</username>
		<office_id>24</office_id>
		<command>MANUAL LOG</command>
		<details></details>
		<employee_id_affected>018012</employee_id_affected>
		<date>2010-11-28 13:49:39</date>
	</logs>
	<logs>
		<username>0001</username>
		<office_id>24</office_id>
		<command>MANUAL LOG</command>
		<details></details>
		<employee_id_affected>018012</employee_id_affected>
		<date>2010-11-28 13:49:39</date>
	</logs>
	<logs>
		<username>0001</username>
		<office_id>24</office_id>
		<command>MANUAL LOG</command>
		<details></details>
		<employee_id_affected>018006</employee_id_affected>
		<date>2010-11-28 13:49:39</date>
	</logs>
	<logs>
		<username>0001</username>
		<office_id>24</office_id>
		<command>MANUAL LOG</command>
		<details></details>
		<employee_id_affected>018006</employee_id_affected>
		<date>2010-11-28 13:49:39</date>
	</logs>
	<logs>
		<username>0001</username>
		<office_id>24</office_id>
		<command>MANUAL LOG</command>
		<details></details>
		<employee_id_affected>018006</employee_id_affected>
		<date>2010-11-28 13:49:39</date>
	</logs>
	<logs>
		<username>0001</username>
		<office_id>24</office_id>
		<command>MANUAL LOG</command>
		<details></details>
		<employee_id_affected>018001</employee_id_affected>
		<date>2010-11-28 13:49:39</date>
	</logs>
	<logs>
		<username>0001</username>
		<office_id>24</office_id>
		<command>MANUAL LOG</command>
		<details></details>
		<employee_id_affected>018001</employee_id_affected>
		<date>2010-11-28 13:49:39</date>
	</logs>
	<logs>
		<username>0001</username>
		<office_id>24</office_id>
		<command>MANUAL LOG</command>
		<details></details>
		<employee_id_affected>018001</employee_id_affected>
		<date>2010-11-28 13:49:39</date>
	</logs>
	<logs>
		<username>0001</username>
		<office_id>24</office_id>
		<command>MANUAL LOG</command>
		<details></details>
		<employee_id_affected>018001</employee_id_affected>
		<date>2010-11-28 13:49:39</date>
	</logs>
	<logs>
		<username>0001</username>
		<office_id>24</office_id>
		<command>MANUAL LOG</command>
		<details></details>
		<employee_id_affected>018001</employee_id_affected>
		<date>2010-11-28 13:49:39</date>
	</logs>
	<logs>
		<username>0001</username>
		<office_id>24</office_id>
		<command>MANUAL LOG</command>
		<details></details>
		<employee_id_affected>018001</employee_id_affected>
		<date>2010-11-28 13:49:39</date>
	</logs>
	<logs>
		<username>0001</username>
		<office_id>24</office_id>
		<command>MANUAL LOG</command>
		<details></details>
		<employee_id_affected>018006</employee_id_affected>
		<date>2010-11-28 13:49:39</date>
	</logs>
	<logs>
		<username>0001</username>
		<office_id>24</office_id>
		<command>MANUAL LOG</command>
		<details></details>
		<employee_id_affected>018006</employee_id_affected>
		<date>2010-11-28 13:49:39</date>
	</logs>
	<logs>
		<username>0001</username>
		<office_id>24</office_id>
		<command>MANUAL LOG</command>
		<details></details>
		<employee_id_affected>018006</employee_id_affected>
		<date>2010-11-28 13:49:39</date>
	</logs>
	<logs>
		<username>0001</username>
		<office_id>24</office_id>
		<command>MANUAL LOG</command>
		<details></details>
		<employee_id_affected>018006</employee_id_affected>
		<date>2010-11-28 13:49:39</date>
	</logs>
	<logs>
		<username>0001</username>
		<office_id>24</office_id>
		<command>MANUAL LOG</command>
		<details></details>
		<employee_id_affected>018006</employee_id_affected>
		<date>2010-11-28 13:49:39</date>
	</logs>
	<logs>
		<username>0001</username>
		<office_id>21</office_id>
		<command>LOGGED IN</command>
		<details></details>
		<employee_id_affected></employee_id_affected>
		<date>2010-11-28 09:51:50</date>
	</logs>
	<logs>
		<username>0001</username>
		<office_id>21</office_id>
		<command>LOGGED IN</command>
		<details></details>
		<employee_id_affected></employee_id_affected>
		<date>2010-11-27 19:39:44</date>
	</logs>
	<logs>
		<username>0001</username>
		<office_id>21</office_id>
		<command>LOGGED IN</command>
		<details></details>
		<employee_id_affected></employee_id_affected>
		<date>2010-11-27 18:07:38</date>
	</logs>
	<logs>
		<username>eman011</username>
		<office_id>21</office_id>
		<command>LOGGED OUT</command>
		<details></details>
		<employee_id_affected></employee_id_affected>
		<date>2010-11-27 18:07:34</date>
	</logs>
	<logs>
		<username>0001</username>
		<office_id>21</office_id>
		<command>MANUAL LOG</command>
		<details></details>
		<employee_id_affected>004010</employee_id_affected>
		<date>2010-11-27 16:27:54</date>
	</logs>
	<logs>
		<username>0001</username>
		<office_id>21</office_id>
		<command>MANUAL LOG</command>
		<details></details>
		<employee_id_affected>004010</employee_id_affected>
		<date>2010-11-27 16:27:54</date>
	</logs>
	<logs>
		<username>0001</username>
		<office_id>21</office_id>
		<command>MANUAL LOG</command>
		<details></details>
		<employee_id_affected>004010</employee_id_affected>
		<date>2010-11-27 16:27:53</date>
	</logs>
	<logs>
		<username>0001</username>
		<office_id>21</office_id>
		<command>MANUAL LOG</command>
		<details></details>
		<employee_id_affected>004010</employee_id_affected>
		<date>2010-11-27 16:27:53</date>
	</logs>
	<logs>
		<username>0001</username>
		<office_id>21</office_id>
		<command>MANUAL LOG</command>
		<details></details>
		<employee_id_affected>004010</employee_id_affected>
		<date>2010-11-27 16:27:53</date>
	</logs>
	<logs>
		<username>0001</username>
		<office_id>21</office_id>
		<command>MANUAL LOG</command>
		<details></details>
		<employee_id_affected>004010</employee_id_affected>
		<date>2010-11-27 16:27:52</date>
	</logs>
	<logs>
		<username>0001</username>
		<office_id>21</office_id>
		<command>MANUAL LOG</command>
		<details></details>
		<employee_id_affected>004010</employee_id_affected>
		<date>2010-11-27 16:27:52</date>
	</logs>
	<logs>
		<username>0001</username>
		<office_id>21</office_id>
		<command>MANUAL LOG</command>
		<details></details>
		<employee_id_affected>004012</employee_id_affected>
		<date>2010-11-27 16:27:51</date>
	</logs>
	<logs>
		<username>0001</username>
		<office_id>21</office_id>
		<command>MANUAL LOG</command>
		<details></details>
		<employee_id_affected>004012</employee_id_affected>
		<date>2010-11-27 16:27:51</date>
	</logs>
	<logs>
		<username>0001</username>
		<office_id>21</office_id>
		<command>MANUAL LOG</command>
		<details></details>
		<employee_id_affected>004012</employee_id_affected>
		<date>2010-11-27 16:27:50</date>
	</logs>
	<logs>
		<username>0001</username>
		<office_id>21</office_id>
		<command>MANUAL LOG</command>
		<details></details>
		<employee_id_affected>004012</employee_id_affected>
		<date>2010-11-27 16:27:50</date>
	</logs>
	<logs>
		<username>0001</username>
		<office_id>21</office_id>
		<command>MANUAL LOG</command>
		<details></details>
		<employee_id_affected>004012</employee_id_affected>
		<date>2010-11-27 16:27:49</date>
	</logs>
	<logs>
		<username>0001</username>
		<office_id>21</office_id>
		<command>MANUAL LOG</command>
		<details></details>
		<employee_id_affected>004012</employee_id_affected>
		<date>2010-11-27 16:27:49</date>
	</logs>
	<logs>
		<username>0001</username>
		<office_id>21</office_id>
		<command>MANUAL LOG</command>
		<details></details>
		<employee_id_affected>004012</employee_id_affected>
		<date>2010-11-27 16:27:49</date>
	</logs>
	<logs>
		<username>0001</username>
		<office_id>21</office_id>
		<command>MANUAL LOG</command>
		<details></details>
		<employee_id_affected>004022</employee_id_affected>
		<date>2010-11-27 16:27:48</date>
	</logs>
	<logs>
		<username>0001</username>
		<office_id>21</office_id>
		<command>MANUAL LOG</command>
		<details></details>
		<employee_id_affected>004022</employee_id_affected>
		<date>2010-11-27 16:27:48</date>
	</logs>
	<logs>
		<username>0001</username>
		<office_id>21</office_id>
		<command>MANUAL LOG</command>
		<details></details>
		<employee_id_affected>004022</employee_id_affected>
		<date>2010-11-27 16:27:48</date>
	</logs>
	<logs>
		<username>0001</username>
		<office_id>21</office_id>
		<command>MANUAL LOG</command>
		<details></details>
		<employee_id_affected>004022</employee_id_affected>
		<date>2010-11-27 16:27:47</date>
	</logs>
	<logs>
		<username>0001</username>
		<office_id>21</office_id>
		<command>MANUAL LOG</command>
		<details></details>
		<employee_id_affected>004022</employee_id_affected>
		<date>2010-11-27 16:27:47</date>
	</logs>
	<logs>
		<username>0001</username>
		<office_id>21</office_id>
		<command>MANUAL LOG</command>
		<details></details>
		<employee_id_affected>004022</employee_id_affected>
		<date>2010-11-27 16:27:47</date>
	</logs>
	<logs>
		<username>0001</username>
		<office_id>21</office_id>
		<command>MANUAL LOG</command>
		<details></details>
		<employee_id_affected>004022</employee_id_affected>
		<date>2010-11-27 16:27:46</date>
	</logs>
	<logs>
		<username>0001</username>
		<office_id>21</office_id>
		<command>MANUAL LOG</command>
		<details></details>
		<employee_id_affected>001124</employee_id_affected>
		<date>2010-11-27 16:27:45</date>
	</logs>
	<logs>
		<username>0001</username>
		<office_id>21</office_id>
		<command>MANUAL LOG</command>
		<details></details>
		<employee_id_affected>004002</employee_id_affected>
		<date>2010-11-27 16:27:45</date>
	</logs>
	<logs>
		<username>0001</username>
		<office_id>21</office_id>
		<command>MANUAL LOG</command>
		<details></details>
		<employee_id_affected>004002</employee_id_affected>
		<date>2010-11-27 16:27:45</date>
	</logs>
	<logs>
		<username>0001</username>
		<office_id>21</office_id>
		<command>MANUAL LOG</command>
		<details></details>
		<employee_id_affected>004002</employee_id_affected>
		<date>2010-11-27 16:27:45</date>
	</logs>
	<logs>
		<username>0001</username>
		<office_id>21</office_id>
		<command>MANUAL LOG</command>
		<details></details>
		<employee_id_affected>004002</employee_id_affected>
		<date>2010-11-27 16:27:45</date>
	</logs>
	<logs>
		<username>0001</username>
		<office_id>21</office_id>
		<command>MANUAL LOG</command>
		<details></details>
		<employee_id_affected>004002</employee_id_affected>
		<date>2010-11-27 16:27:45</date>
	</logs>
	<logs>
		<username>0001</username>
		<office_id>21</office_id>
		<command>MANUAL LOG</command>
		<details></details>
		<employee_id_affected>004002</employee_id_affected>
		<date>2010-11-27 16:27:45</date>
	</logs>
	<logs>
		<username>0001</username>
		<office_id>21</office_id>
		<command>MANUAL LOG</command>
		<details></details>
		<employee_id_affected>001124</employee_id_affected>
		<date>2010-11-27 16:27:45</date>
	</logs>
	<logs>
		<username>0001</username>
		<office_id>21</office_id>
		<command>MANUAL LOG</command>
		<details></details>
		<employee_id_affected>001124</employee_id_affected>
		<date>2010-11-27 16:27:45</date>
	</logs>
	<logs>
		<username>0001</username>
		<office_id>21</office_id>
		<command>MANUAL LOG</command>
		<details></details>
		<employee_id_affected>001124</employee_id_affected>
		<date>2010-11-27 16:27:45</date>
	</logs>
	<logs>
		<username>0001</username>
		<office_id>21</office_id>
		<command>MANUAL LOG</command>
		<details></details>
		<employee_id_affected>001124</employee_id_affected>
		<date>2010-11-27 16:27:45</date>
	</logs>
	<logs>
		<username>0001</username>
		<office_id>21</office_id>
		<command>MANUAL LOG</command>
		<details></details>
		<employee_id_affected>001124</employee_id_affected>
		<date>2010-11-27 16:27:45</date>
	</logs>
	<logs>
		<username>0001</username>
		<office_id>21</office_id>
		<command>MANUAL LOG</command>
		<details></details>
		<employee_id_affected>001124</employee_id_affected>
		<date>2010-11-27 16:27:45</date>
	</logs>
	<logs>
		<username>0001</username>
		<office_id>21</office_id>
		<command>MANUAL LOG</command>
		<details></details>
		<employee_id_affected>001124</employee_id_affected>
		<date>2010-11-27 16:27:45</date>
	</logs>
	<logs>
		<username>0001</username>
		<office_id>21</office_id>
		<command>MANUAL LOG</command>
		<details></details>
		<employee_id_affected>004002</employee_id_affected>
		<date>2010-11-27 16:27:44</date>
	</logs>
	<logs>
		<username>0001</username>
		<office_id>21</office_id>
		<command>Official Business EVENT</command>
		<details></details>
		<employee_id_affected>004025</employee_id_affected>
		<date>2010-11-27 16:18:28</date>
	</logs>
	<logs>
		<username>0001</username>
		<office_id>21</office_id>
		<command>EDIT LOGS</command>
		<details>Edited pm_logout(2010-11-27) change from 05:00 to No Log</details>
		<employee_id_affected>004022</employee_id_affected>
		<date>2010-11-27 16:17:31</date>
	</logs>
	<logs>
		<username>0001</username>
		<office_id>21</office_id>
		<command>EDIT LOGS</command>
		<details>Edited pm_logout(2010-11-27) change from 05:00 to No Log</details>
		<employee_id_affected>004002</employee_id_affected>
		<date>2010-11-27 16:17:28</date>
	</logs>
	<logs>
		<username>0001</username>
		<office_id>21</office_id>
		<command>EDIT LOGS</command>
		<details>Edited am_logout(2010-11-27) change from 12:00 to No Log</details>
		<employee_id_affected>004002</employee_id_affected>
		<date>2010-11-27 16:17:27</date>
	</logs>
	<logs>
		<username>0001</username>
		<office_id>21</office_id>
		<command>EDIT LOGS</command>
		<details>Edited am_logout(2010-11-27) change from 12:00 to No Log</details>
		<employee_id_affected>001124</employee_id_affected>
		<date>2010-11-27 16:17:25</date>
	</logs>
	<logs>
		<username>0001</username>
		<office_id>21</office_id>
		<command>EDIT LOGS</command>
		<details>Edited am_logout(2010-11-27) change from 12:00 to No Log</details>
		<employee_id_affected>004022</employee_id_affected>
		<date>2010-11-27 16:17:24</date>
	</logs>
	<logs>
		<username>0001</username>
		<office_id>21</office_id>
		<command>EDIT LOGS</command>
		<details>Edited am_logout(2010-11-27) change from 12:00 to No Log</details>
		<employee_id_affected>004012</employee_id_affected>
		<date>2010-11-27 16:17:24</date>
	</logs>
	<logs>
		<username>0001</username>
		<office_id>21</office_id>
		<command>EDIT LOGS</command>
		<details>Edited pm_login(2010-11-27) change from 01::0 to No Log</details>
		<employee_id_affected>004012</employee_id_affected>
		<date>2010-11-27 16:17:19</date>
	</logs>
	<logs>
		<username>0001</username>
		<office_id>21</office_id>
		<command>EDIT LOGS</command>
		<details>Edited pm_login(2010-11-27) change from 01:00 to No Log</details>
		<employee_id_affected>004002</employee_id_affected>
		<date>2010-11-27 16:17:18</date>
	</logs>
	<logs>
		<username>0001</username>
		<office_id>21</office_id>
		<command>EDIT LOGS</command>
		<details>Edited pm_login(2010-11-27) change from 01:00 to No Log</details>
		<employee_id_affected>001124</employee_id_affected>
		<date>2010-11-27 16:17:17</date>
	</logs>
	<logs>
		<username>0001</username>
		<office_id>21</office_id>
		<command>EDIT LOGS</command>
		<details>Edited pm_login(2010-11-27) change from 01:00 to No Log</details>
		<employee_id_affected>004022</employee_id_affected>
		<date>2010-11-27 16:17:17</date>
	</logs>
	<logs>
		<username>0001</username>
		<office_id>21</office_id>
		<command>EDIT LOGS</command>
		<details>Edited pm_login(2010-11-27) change from 01:00 to 01::0</details>
		<employee_id_affected>004012</employee_id_affected>
		<date>2010-11-27 16:17:16</date>
	</logs>
	<logs>
		<username>0001</username>
		<office_id>21</office_id>
		<command>EDIT LOGS</command>
		<details>Edited pm_logout(2010-11-27) change from 05:00 to No Log</details>
		<employee_id_affected>004012</employee_id_affected>
		<date>2010-11-27 16:17:14</date>
	</logs>
	<logs>
		<username>0001</username>
		<office_id>21</office_id>
		<command>EDIT LOGS</command>
		<details>Edited am_login(2010-11-27) change from 08:00 to No Log</details>
		<employee_id_affected>004002</employee_id_affected>
		<date>2010-11-27 16:17:11</date>
	</logs>
	<logs>
		<username>0001</username>
		<office_id>21</office_id>
		<command>EDIT LOGS</command>
		<details>Edited am_login(2010-11-27) change from 08:00 to No Log</details>
		<employee_id_affected>001124</employee_id_affected>
		<date>2010-11-27 16:17:10</date>
	</logs>
	<logs>
		<username>0001</username>
		<office_id>21</office_id>
		<command>EDIT LOGS</command>
		<details>Edited am_login(2010-11-27) change from 08:00 to No Log</details>
		<employee_id_affected>004022</employee_id_affected>
		<date>2010-11-27 16:17:09</date>
	</logs>
	<logs>
		<username>0001</username>
		<office_id>21</office_id>
		<command>EDIT LOGS</command>
		<details>Edited am_login(2010-11-27) change from 08:00 to No Log</details>
		<employee_id_affected>004012</employee_id_affected>
		<date>2010-11-27 16:17:09</date>
	</logs>
	<logs>
		<username>0001</username>
		<office_id>21</office_id>
		<command>MANUAL LOG</command>
		<details></details>
		<employee_id_affected>004012</employee_id_affected>
		<date>2010-11-27 16:16:45</date>
	</logs>
	<logs>
		<username>0001</username>
		<office_id>21</office_id>
		<command>MANUAL LOG</command>
		<details></details>
		<employee_id_affected>004012</employee_id_affected>
		<date>2010-11-27 16:16:45</date>
	</logs>
	<logs>
		<username>0001</username>
		<office_id>21</office_id>
		<command>MANUAL LOG</command>
		<details></details>
		<employee_id_affected>004012</employee_id_affected>
		<date>2010-11-27 16:16:44</date>
	</logs>
	<logs>
		<username>0001</username>
		<office_id>21</office_id>
		<command>MANUAL LOG</command>
		<details></details>
		<employee_id_affected>004012</employee_id_affected>
		<date>2010-11-27 16:16:44</date>
	</logs>
	<logs>
		<username>0001</username>
		<office_id>21</office_id>
		<command>MANUAL LOG</command>
		<details></details>
		<employee_id_affected>004022</employee_id_affected>
		<date>2010-11-27 16:16:43</date>
	</logs>
	<logs>
		<username>0001</username>
		<office_id>21</office_id>
		<command>MANUAL LOG</command>
		<details></details>
		<employee_id_affected>004022</employee_id_affected>
		<date>2010-11-27 16:16:43</date>
	</logs>
	<logs>
		<username>0001</username>
		<office_id>21</office_id>
		<command>MANUAL LOG</command>
		<details></details>
		<employee_id_affected>004022</employee_id_affected>
		<date>2010-11-27 16:16:42</date>
	</logs>
	<logs>
		<username>0001</username>
		<office_id>21</office_id>
		<command>MANUAL LOG</command>
		<details></details>
		<employee_id_affected>004022</employee_id_affected>
		<date>2010-11-27 16:16:42</date>
	</logs>
	<logs>
		<username>0001</username>
		<office_id>21</office_id>
		<command>MANUAL LOG</command>
		<details></details>
		<employee_id_affected>004002</employee_id_affected>
		<date>2010-11-27 16:16:41</date>
	</logs>
	<logs>
		<username>0001</username>
		<office_id>21</office_id>
		<command>MANUAL LOG</command>
		<details></details>
		<employee_id_affected>001124</employee_id_affected>
		<date>2010-11-27 16:16:41</date>
	</logs>
	<logs>
		<username>0001</username>
		<office_id>21</office_id>
		<command>MANUAL LOG</command>
		<details></details>
		<employee_id_affected>001124</employee_id_affected>
		<date>2010-11-27 16:16:41</date>
	</logs>
	<logs>
		<username>0001</username>
		<office_id>21</office_id>
		<command>MANUAL LOG</command>
		<details></details>
		<employee_id_affected>001124</employee_id_affected>
		<date>2010-11-27 16:16:41</date>
	</logs>
	<logs>
		<username>0001</username>
		<office_id>21</office_id>
		<command>MANUAL LOG</command>
		<details></details>
		<employee_id_affected>004002</employee_id_affected>
		<date>2010-11-27 16:16:41</date>
	</logs>
	<logs>
		<username>0001</username>
		<office_id>21</office_id>
		<command>MANUAL LOG</command>
		<details></details>
		<employee_id_affected>004002</employee_id_affected>
		<date>2010-11-27 16:16:40</date>
	</logs>
	<logs>
		<username>0001</username>
		<office_id>21</office_id>
		<command>MANUAL LOG</command>
		<details></details>
		<employee_id_affected>004002</employee_id_affected>
		<date>2010-11-27 16:16:40</date>
	</logs>
	<logs>
		<username>0001</username>
		<office_id>21</office_id>
		<command>LOGGED IN</command>
		<details></details>
		<employee_id_affected></employee_id_affected>
		<date>2010-11-27 16:15:54</date>
	</logs>
	<logs>
		<username></username>
		<office_id>0</office_id>
		<command>LOGGED OUT</command>
		<details></details>
		<employee_id_affected></employee_id_affected>
		<date>2010-11-27 16:15:44</date>
	</logs>
	<logs>
		<username></username>
		<office_id>21</office_id>
		<command>EDIT LOGS</command>
		<details>Edited ob_leave(2010-11-01) change from No Log to manila</details>
		<employee_id_affected>004025</employee_id_affected>
		<date>2010-11-27 16:15:05</date>
	</logs>
	<logs>
		<username></username>
		<office_id>0</office_id>
		<command>EDIT LOGS</command>
		<details>Edited pm_logout(2010-11-01) change from No Log to Official Business</details>
		<employee_id_affected>004025</employee_id_affected>
		<date>2010-11-27 16:15:01</date>
	</logs>
	<logs>
		<username></username>
		<office_id>0</office_id>
		<command>EDIT LOGS</command>
		<details>Edited pm_login(2010-11-01) change from No Log to Official Business</details>
		<employee_id_affected>004025</employee_id_affected>
		<date>2010-11-27 16:14:59</date>
	</logs>
	<logs>
		<username></username>
		<office_id>0</office_id>
		<command>EDIT LOGS</command>
		<details>Edited am_logout(2010-11-01) change from No Log to Official Business</details>
		<employee_id_affected>004025</employee_id_affected>
		<date>2010-11-27 16:14:57</date>
	</logs>
	<logs>
		<username></username>
		<office_id>0</office_id>
		<command>EDIT LOGS</command>
		<details>Edited am_login(2010-11-01) change from No Log to Official Business</details>
		<employee_id_affected>004025</employee_id_affected>
		<date>2010-11-27 16:14:55</date>
	</logs>
	<logs>
		<username></username>
		<office_id>0</office_id>
		<command>EDIT LOGS</command>
		<details>Edited ob_leave(2010-11-05) change from sample to No Log</details>
		<employee_id_affected>004025</employee_id_affected>
		<date>2010-11-27 16:14:46</date>
	</logs>
	<logs>
		<username></username>
		<office_id>0</office_id>
		<command>EDIT LOGS</command>
		<details>Edited pm_login(2010-11-05) change from Official Business to No Log</details>
		<employee_id_affected>004025</employee_id_affected>
		<date>2010-11-27 16:14:45</date>
	</logs>
	<logs>
		<username></username>
		<office_id>0</office_id>
		<command>EDIT LOGS</command>
		<details>Edited am_logout(2010-11-05) change from Official Business to No Log</details>
		<employee_id_affected>004025</employee_id_affected>
		<date>2010-11-27 16:14:42</date>
	</logs>
	<logs>
		<username></username>
		<office_id>0</office_id>
		<command>EDIT LOGS</command>
		<details>Edited am_login(2010-11-05) change from Official Business to No Log</details>
		<employee_id_affected>004025</employee_id_affected>
		<date>2010-11-27 16:14:42</date>
	</logs>
	<logs>
		<username></username>
		<office_id>21</office_id>
		<command>Official Business EVENT</command>
		<details></details>
		<employee_id_affected>004025</employee_id_affected>
		<date>2010-11-27 16:13:07</date>
	</logs>
	<logs>
		<username>0001</username>
		<office_id>21</office_id>
		<command>LOGGED IN</command>
		<details></details>
		<employee_id_affected></employee_id_affected>
		<date>2010-11-26 13:26:12</date>
	</logs>
	<logs>
		<username>0001</username>
		<office_id>21</office_id>
		<command>LOGGED IN</command>
		<details></details>
		<employee_id_affected></employee_id_affected>
		<date>2010-11-25 14:30:42</date>
	</logs>
	<logs>
		<username>0001</username>
		<office_id>21</office_id>
		<command>LOGGED IN</command>
		<details></details>
		<employee_id_affected></employee_id_affected>
		<date>2010-11-24 22:23:01</date>
	</logs>
	<logs>
		<username>0001</username>
		<office_id>21</office_id>
		<command>LOGGED IN</command>
		<details></details>
		<employee_id_affected></employee_id_affected>
		<date>2010-11-24 22:17:23</date>
	</logs>
	<logs>
		<username>eman011</username>
		<office_id>21</office_id>
		<command>LOGGED OUT</command>
		<details></details>
		<employee_id_affected></employee_id_affected>
		<date>2010-11-23 14:50:04</date>
	</logs>
	<logs>
		<username>0001</username>
		<office_id>21</office_id>
		<command>LOGGED IN</command>
		<details></details>
		<employee_id_affected></employee_id_affected>
		<date>2010-11-23 14:24:27</date>
	</logs>
	<logs>
		<username>0001</username>
		<office_id>21</office_id>
		<command>DOWNLOAD ZIP FILE</command>
		<details>Download zip file from computer</details>
		<employee_id_affected></employee_id_affected>
		<date>2010-11-20 15:12:44</date>
	</logs>
	<logs>
		<username>0001</username>
		<office_id>21</office_id>
		<command>DOWNLOAD ZIP FILE</command>
		<details>Download zip file from computer</details>
		<employee_id_affected></employee_id_affected>
		<date>2010-11-20 13:36:11</date>
	</logs>
	<logs>
		<username>0001</username>
		<office_id>21</office_id>
		<command>DOWNLOAD ZIP FILE</command>
		<details>Download zip file from computer</details>
		<employee_id_affected></employee_id_affected>
		<date>2010-11-20 04:11:00</date>
	</logs>
	<logs>
		<username>0001</username>
		<office_id>21</office_id>
		<command>DOWNLOAD ZIP FILE</command>
		<details>Download zip file from computer</details>
		<employee_id_affected></employee_id_affected>
		<date>2010-11-20 04:01:00</date>
	</logs>
	<logs>
		<username>0001</username>
		<office_id>21</office_id>
		<command>DOWNLOAD ZIP FILE</command>
		<details>Download zip file from computer</details>
		<employee_id_affected></employee_id_affected>
		<date>2010-11-20 03:55:00</date>
	</logs>
</root>