<?xml version="1.0" encoding="UTF-8"?>
<root>
	<employee>
		<id>021009</id>
		<salut>Mrs.</salut>
		<fname>VILMA</fname>
		<mname>BUENVIAJE</mname>
		<lname>ABAA</lname>
		<salary_grade>4-2</salary_grade>
		<step>0</step>
		<monthly_salary>0</monthly_salary>
		<permanent>1</permanent>
		<office_id>19</office_id>
		<detailed_office_id>0</detailed_office_id>
		<pics>21-March201005_49_31.jpg</pics>
		<status>1</status>
		<shift_id>1</shift_id>
		<shift_type>1</shift_type>
	</employee>
	<employee>
		<id>008019</id>
		<salut>Mrs.</salut>
		<fname>OFELIA</fname>
		<mname>SAN JUAN</mname>
		<lname>AGUILAR</lname>
		<salary_grade>15-7</salary_grade>
		<step>0</step>
		<monthly_salary>0</monthly_salary>
		<permanent>1</permanent>
		<office_id>27</office_id>
		<detailed_office_id>0</detailed_office_id>
		<pics>21-November200907_56_07.jpg</pics>
		<status>1</status>
		<shift_id>1</shift_id>
		<shift_type>1</shift_type>
	</employee>
	<employee>
		<id>021076</id>
		<salut>Mrs.</salut>
		<fname>IRENE</fname>
		<mname>ASUTILLA</mname>
		<lname>ALIB</lname>
		<salary_grade>6-2</salary_grade>
		<step>0</step>
		<monthly_salary>0</monthly_salary>
		<permanent>1</permanent>
		<office_id>19</office_id>
		<detailed_office_id>0</detailed_office_id>
		<pics>21-March201005_52_31.jpg</pics>
		<status>1</status>
		<shift_id>1</shift_id>
		<shift_type>1</shift_type>
	</employee>
	<employee>
		<id>007158</id>
		<salut>Mr.</salut>
		<fname>CESAR</fname>
		<mname>RAMIREZ</mname>
		<lname>ALMOITE</lname>
		<salary_grade>6-4</salary_grade>
		<step>0</step>
		<monthly_salary>0</monthly_salary>
		<permanent>1</permanent>
		<office_id>26</office_id>
		<detailed_office_id>0</detailed_office_id>
		<pics>21-March201002_51_31.jpg</pics>
		<status>1</status>
		<shift_id>1</shift_id>
		<shift_type>1</shift_type>
	</employee>
	<employee>
		<id>021010</id>
		<salut>Mrs.</salut>
		<fname>JESSELYN</fname>
		<mname>OPIALA</mname>
		<lname>AMADOR</lname>
		<salary_grade>4-2</salary_grade>
		<step>0</step>
		<monthly_salary>0</monthly_salary>
		<permanent>1</permanent>
		<office_id>19</office_id>
		<detailed_office_id>0</detailed_office_id>
		<pics>21-March201005_54_59.jpg</pics>
		<status>1</status>
		<shift_id>1</shift_id>
		<shift_type>1</shift_type>
	</employee>
	<employee>
		<id>001113</id>
		<salut>Mr.</salut>
		<fname>PEDRO</fname>
		<mname>CAGATIN</mname>
		<lname>AÑASCO</lname>
		<salary_grade>16-2</salary_grade>
		<step>0</step>
		<monthly_salary>0</monthly_salary>
		<permanent>1</permanent>
		<office_id>34</office_id>
		<detailed_office_id>0</detailed_office_id>
		<pics>21-March201007_48_01.jpg</pics>
		<status>1</status>
		<shift_id>1</shift_id>
		<shift_type>1</shift_type>
	</employee>
	<employee>
		<id>021046</id>
		<salut>Mrs.</salut>
		<fname>ERLINDA</fname>
		<mname>RACION</mname>
		<lname>ANGELES</lname>
		<salary_grade>11-8</salary_grade>
		<step>0</step>
		<monthly_salary>0</monthly_salary>
		<permanent>1</permanent>
		<office_id>19</office_id>
		<detailed_office_id>0</detailed_office_id>
		<pics>21-March201005_57_17.jpg</pics>
		<status>1</status>
		<shift_id>1</shift_id>
		<shift_type>1</shift_type>
	</employee>
	<employee>
		<id>021099</id>
		<salut>Mrs.</salut>
		<fname>EMMA</fname>
		<mname>BALMONTE</mname>
		<lname>ARCEO</lname>
		<salary_grade>8-5</salary_grade>
		<step>0</step>
		<monthly_salary>0</monthly_salary>
		<permanent>1</permanent>
		<office_id>19</office_id>
		<detailed_office_id>0</detailed_office_id>
		<pics>21-March201006_00_48.jpg</pics>
		<status>1</status>
		<shift_id>1</shift_id>
		<shift_type>1</shift_type>
	</employee>
	<employee>
		<id>001124</id>
		<salut>Ms.</salut>
		<fname>MARIA FE</fname>
		<mname>OPIALA</mname>
		<lname>ARZAGA</lname>
		<salary_grade>1-1</salary_grade>
		<step>0</step>
		<monthly_salary>0</monthly_salary>
		<permanent>1</permanent>
		<office_id>21</office_id>
		<detailed_office_id>0</detailed_office_id>
		<pics>21-August201001_06_18.jpg</pics>
		<status>1</status>
		<shift_id>1</shift_id>
		<shift_type>1</shift_type>
	</employee>
	<employee>
		<id>014012</id>
		<salut>Hon.</salut>
		<fname>TRISHA MAE</fname>
		<mname>CERVANCIA</mname>
		<lname>ASUNCION</lname>
		<salary_grade>27-1</salary_grade>
		<step>0</step>
		<monthly_salary>0</monthly_salary>
		<permanent>6</permanent>
		<office_id>36</office_id>
		<detailed_office_id>0</detailed_office_id>
		<pics>21-February201007_19_00.jpg</pics>
		<status>1</status>
		<shift_id>1</shift_id>
		<shift_type>1</shift_type>
	</employee>
	<employee>
		<id>021059</id>
		<salut>Mrs.</salut>
		<fname>LEONORA</fname>
		<mname>MENDEZ</mname>
		<lname>ATIENZA</lname>
		<salary_grade>8-2</salary_grade>
		<step>0</step>
		<monthly_salary>0</monthly_salary>
		<permanent>1</permanent>
		<office_id>19</office_id>
		<detailed_office_id>0</detailed_office_id>
		<pics>21-March201006_09_28.jpg</pics>
		<status>1</status>
		<shift_id>1</shift_id>
		<shift_type>1</shift_type>
	</employee>
	<employee>
		<id>007182</id>
		<salut>Mr.</salut>
		<fname>ALBERTO</fname>
		<mname>MAGANTE</mname>
		<lname>AUNGON</lname>
		<salary_grade>4-8</salary_grade>
		<step>0</step>
		<monthly_salary>0</monthly_salary>
		<permanent>1</permanent>
		<office_id>26</office_id>
		<detailed_office_id>0</detailed_office_id>
		<pics>21-March201003_37_11.jpg</pics>
		<status>1</status>
		<shift_id>1</shift_id>
		<shift_type>1</shift_type>
	</employee>
	<employee>
		<id>001099</id>
		<salut>Mr.</salut>
		<fname>JAIME</fname>
		<mname>MERCADAL</mname>
		<lname>AVES</lname>
		<salary_grade>3-7</salary_grade>
		<step>0</step>
		<monthly_salary>0</monthly_salary>
		<permanent>1</permanent>
		<office_id>25</office_id>
		<detailed_office_id>0</detailed_office_id>
		<pics>21-March201008_34_27.jpg</pics>
		<status>1</status>
		<shift_id>1</shift_id>
		<shift_type>1</shift_type>
	</employee>
	<employee>
		<id>021039</id>
		<salut>Mrs.</salut>
		<fname>CORAZON</fname>
		<mname>LAGUTAN</mname>
		<lname>BACOMO</lname>
		<salary_grade>11-8</salary_grade>
		<step>0</step>
		<monthly_salary>0</monthly_salary>
		<permanent>1</permanent>
		<office_id>19</office_id>
		<detailed_office_id>0</detailed_office_id>
		<pics>21-March201006_16_57.jpg</pics>
		<status>1</status>
		<shift_id>1</shift_id>
		<shift_type>1</shift_type>
	</employee>
	<employee>
		<id>010011</id>
		<salut>Mrs.</salut>
		<fname>JOSEFINA</fname>
		<mname>JUAN</mname>
		<lname>BARADAS</lname>
		<salary_grade>11-6</salary_grade>
		<step>0</step>
		<monthly_salary>0</monthly_salary>
		<permanent>1</permanent>
		<office_id>39</office_id>
		<detailed_office_id>0</detailed_office_id>
		<pics>21-March201002_29_36.jpg</pics>
		<status>1</status>
		<shift_id>1</shift_id>
		<shift_type>1</shift_type>
	</employee>
	<employee>
		<id>007150</id>
		<salut>Mr.</salut>
		<fname>ROBERTO</fname>
		<mname>FRANCO</mname>
		<lname>BASAYA</lname>
		<salary_grade>6-4</salary_grade>
		<step>0</step>
		<monthly_salary>0</monthly_salary>
		<permanent>1</permanent>
		<office_id>26</office_id>
		<detailed_office_id>0</detailed_office_id>
		<pics>21-March201005_48_28.jpg</pics>
		<status>1</status>
		<shift_id>1</shift_id>
		<shift_type>1</shift_type>
	</employee>
	<employee>
		<id>007264</id>
		<salut>Mr.</salut>
		<fname>RAMON, SR.</fname>
		<mname>RABANG</mname>
		<lname>BASCONGADA</lname>
		<salary_grade>6-4</salary_grade>
		<step>0</step>
		<monthly_salary>0</monthly_salary>
		<permanent>1</permanent>
		<office_id>26</office_id>
		<detailed_office_id>0</detailed_office_id>
		<pics>21-March201005_55_37.jpg</pics>
		<status>1</status>
		<shift_id>1</shift_id>
		<shift_type>1</shift_type>
	</employee>
	<employee>
		<id>006014</id>
		<salut>Mr.</salut>
		<fname>FLORESTO</fname>
		<mname>BAYOS</mname>
		<lname>BLANCO</lname>
		<salary_grade>3-1</salary_grade>
		<step>0</step>
		<monthly_salary>0</monthly_salary>
		<permanent>1</permanent>
		<office_id>8</office_id>
		<detailed_office_id>0</detailed_office_id>
		<pics>21-May201011_17_47.jpg</pics>
		<status>1</status>
		<shift_id>1</shift_id>
		<shift_type>1</shift_type>
	</employee>
	<employee>
		<id>004006</id>
		<salut>Mr.</salut>
		<fname>JOSE PEPITO</fname>
		<mname>GABRIEL</mname>
		<lname>BONETE, Jr.</lname>
		<salary_grade>11-2</salary_grade>
		<step>0</step>
		<monthly_salary>0</monthly_salary>
		<permanent>1</permanent>
		<office_id>21</office_id>
		<detailed_office_id>0</detailed_office_id>
		<pics>21-May201003_35_44.jpg</pics>
		<status>1</status>
		<shift_id>1</shift_id>
		<shift_type>1</shift_type>
	</employee>
	<employee>
		<id>021104</id>
		<salut>Mrs.</salut>
		<fname>ARMINDA</fname>
		<mname>ARENIO</mname>
		<lname>BUAYA</lname>
		<salary_grade>4-2</salary_grade>
		<step>0</step>
		<monthly_salary>0</monthly_salary>
		<permanent>1</permanent>
		<office_id>47</office_id>
		<detailed_office_id>0</detailed_office_id>
		<pics>21-March201006_04_00.jpg</pics>
		<status>1</status>
		<shift_id>1</shift_id>
		<shift_type>1</shift_type>
	</employee>
	<employee>
		<id>200007</id>
		<salut>Mr.</salut>
		<fname>Jose</fname>
		<mname>Javarez</mname>
		<lname>Burgos</lname>
		<salary_grade>1-1</salary_grade>
		<step>0</step>
		<monthly_salary>0</monthly_salary>
		<permanent>1</permanent>
		<office_id>46</office_id>
		<detailed_office_id>0</detailed_office_id>
		<pics></pics>
		<status>1</status>
		<shift_id>1</shift_id>
		<shift_type>1</shift_type>
	</employee>
	<employee>
		<id>014067</id>
		<salut>Mr.</salut>
		<fname>CLIFFORD</fname>
		<mname>CONTRERAS</mname>
		<lname>CARBONELL</lname>
		<salary_grade>3-1</salary_grade>
		<step>0</step>
		<monthly_salary>0</monthly_salary>
		<permanent>5</permanent>
		<office_id>37</office_id>
		<detailed_office_id>0</detailed_office_id>
		<pics>21-March201007_34_04.jpg</pics>
		<status>1</status>
		<shift_id>1</shift_id>
		<shift_type>1</shift_type>
	</employee>
	<employee>
		<id>001008</id>
		<salut>Mrs.</salut>
		<fname>TERESITA</fname>
		<mname>PULUMBARIT</mname>
		<lname>CARLOS</lname>
		<salary_grade>22-3</salary_grade>
		<step>0</step>
		<monthly_salary>0</monthly_salary>
		<permanent>5</permanent>
		<office_id>11</office_id>
		<detailed_office_id>0</detailed_office_id>
		<pics>21-February201007_48_06.jpg</pics>
		<status>1</status>
		<shift_id>1</shift_id>
		<shift_type>1</shift_type>
	</employee>
	<employee>
		<id>021008</id>
		<salut>Mrs.</salut>
		<fname>NANNETTE</fname>
		<mname>SADANG</mname>
		<lname>CASID</lname>
		<salary_grade>10-2</salary_grade>
		<step>0</step>
		<monthly_salary>0</monthly_salary>
		<permanent>1</permanent>
		<office_id>19</office_id>
		<detailed_office_id>0</detailed_office_id>
		<pics>21-March201007_34_03.jpg</pics>
		<status>1</status>
		<shift_id>1</shift_id>
		<shift_type>1</shift_type>
	</employee>
	<employee>
		<id>021004</id>
		<salut>Mrs.</salut>
		<fname>TRINI ANN</fname>
		<mname>LIM</mname>
		<lname>CASTRO</lname>
		<salary_grade>4-2</salary_grade>
		<step>0</step>
		<monthly_salary>0</monthly_salary>
		<permanent>1</permanent>
		<office_id>19</office_id>
		<detailed_office_id>0</detailed_office_id>
		<pics>21-March201001_29_30.jpg</pics>
		<status>1</status>
		<shift_id>1</shift_id>
		<shift_type>1</shift_type>
	</employee>
	<employee>
		<id>014068</id>
		<salut>Mr</salut>
		<fname>TERGEL</fname>
		<mname>ANCHETA</mname>
		<lname>CASTRO</lname>
		<salary_grade>1-1</salary_grade>
		<step>0</step>
		<monthly_salary>0</monthly_salary>
		<permanent>1</permanent>
		<office_id>37</office_id>
		<detailed_office_id>0</detailed_office_id>
		<pics>21-March201004_50_21.exe</pics>
		<status>1</status>
		<shift_id>1</shift_id>
		<shift_type>1</shift_type>
	</employee>
	<employee>
		<id>200003</id>
		<salut>MR</salut>
		<fname>Julius</fname>
		<mname>Cossid</mname>
		<lname>Cayabyab</lname>
		<salary_grade>1-1</salary_grade>
		<step>0</step>
		<monthly_salary>0</monthly_salary>
		<permanent>1</permanent>
		<office_id>46</office_id>
		<detailed_office_id>0</detailed_office_id>
		<pics></pics>
		<status>1</status>
		<shift_id>1</shift_id>
		<shift_type>1</shift_type>
	</employee>
	<employee>
		<id>200001</id>
		<salut>MR</salut>
		<fname>Romar</fname>
		<mname>Madamay</mname>
		<lname>Cayanan</lname>
		<salary_grade>1-1</salary_grade>
		<step>0</step>
		<monthly_salary>0</monthly_salary>
		<permanent>1</permanent>
		<office_id>46</office_id>
		<detailed_office_id>0</detailed_office_id>
		<pics></pics>
		<status>1</status>
		<shift_id>1</shift_id>
		<shift_type>1</shift_type>
	</employee>
	<employee>
		<id>001013</id>
		<salut>Mrs.</salut>
		<fname>ARLENE</fname>
		<mname>CORONADO</mname>
		<lname>DAIGO</lname>
		<salary_grade>15-1</salary_grade>
		<step>0</step>
		<monthly_salary>0</monthly_salary>
		<permanent>5</permanent>
		<office_id>11</office_id>
		<detailed_office_id>0</detailed_office_id>
		<pics>21-March201007_42_31.jpg</pics>
		<status>1</status>
		<shift_id>1</shift_id>
		<shift_type>1</shift_type>
	</employee>
	<employee>
		<id>003050</id>
		<salut>Mr.</salut>
		<fname>JOSEPH</fname>
		<mname>LEPALAM</mname>
		<lname>DELA ROSA</lname>
		<salary_grade>3-1</salary_grade>
		<step>0</step>
		<monthly_salary>0</monthly_salary>
		<permanent>1</permanent>
		<office_id>17</office_id>
		<detailed_office_id>0</detailed_office_id>
		<pics>21-March201003_09_28.jpg</pics>
		<status>1</status>
		<shift_id>1</shift_id>
		<shift_type>1</shift_type>
	</employee>
	<employee>
		<id>007155</id>
		<salut>Mr.</salut>
		<fname>ENRIQUE</fname>
		<mname>CORPUZ</mname>
		<lname>DIGDIG</lname>
		<salary_grade>6-4</salary_grade>
		<step>0</step>
		<monthly_salary>0</monthly_salary>
		<permanent>1</permanent>
		<office_id>26</office_id>
		<detailed_office_id>0</detailed_office_id>
		<pics>21-March201008_35_22.jpg</pics>
		<status>1</status>
		<shift_id>1</shift_id>
		<shift_type>1</shift_type>
	</employee>
	<employee>
		<id>021027</id>
		<salut>Mrs.</salut>
		<fname>DELIA</fname>
		<mname>PONCE DE LEON</mname>
		<lname>DORIA</lname>
		<salary_grade>16-8</salary_grade>
		<step>0</step>
		<monthly_salary>0</monthly_salary>
		<permanent>1</permanent>
		<office_id>19</office_id>
		<detailed_office_id>0</detailed_office_id>
		<pics>21-March201008_13_50.jpg</pics>
		<status>1</status>
		<shift_id>1</shift_id>
		<shift_type>1</shift_type>
	</employee>
	<employee>
		<id>016031</id>
		<salut>Mrs.</salut>
		<fname>ROSALIE</fname>
		<mname>BUADO</mname>
		<lname>EDICA</lname>
		<salary_grade>8-1</salary_grade>
		<step>0</step>
		<monthly_salary>0</monthly_salary>
		<permanent>1</permanent>
		<office_id>12</office_id>
		<detailed_office_id>0</detailed_office_id>
		<pics>21-February201008_29_16.jpg</pics>
		<status>1</status>
		<shift_id>1</shift_id>
		<shift_type>1</shift_type>
	</employee>
	<employee>
		<id>011014</id>
		<salut>Mr.</salut>
		<fname>RODRIGO</fname>
		<mname>RADOC</mname>
		<lname>FERNANDEZ</lname>
		<salary_grade>3-6</salary_grade>
		<step>0</step>
		<monthly_salary>0</monthly_salary>
		<permanent>1</permanent>
		<office_id>4</office_id>
		<detailed_office_id>0</detailed_office_id>
		<pics>21-February201005_46_51.jpg</pics>
		<status>1</status>
		<shift_id>1</shift_id>
		<shift_type>1</shift_type>
	</employee>
	<employee>
		<id>014069</id>
		<salut>Mr.</salut>
		<fname>REYNALD</fname>
		<mname>ARENIO</mname>
		<lname>GABUNIA</lname>
		<salary_grade>1-1</salary_grade>
		<step>0</step>
		<monthly_salary>0</monthly_salary>
		<permanent>5</permanent>
		<office_id>37</office_id>
		<detailed_office_id>0</detailed_office_id>
		<pics>21-April201002_11_30.jpg</pics>
		<status>1</status>
		<shift_id>1</shift_id>
		<shift_type>1</shift_type>
	</employee>
	<employee>
		<id>021022</id>
		<salut>Mrs.</salut>
		<fname>FERMINITA</fname>
		<mname>YAPPARCON</mname>
		<lname>GAMILLA</lname>
		<salary_grade>16-8</salary_grade>
		<step>0</step>
		<monthly_salary>0</monthly_salary>
		<permanent>1</permanent>
		<office_id>19</office_id>
		<detailed_office_id>0</detailed_office_id>
		<pics>21-March201008_22_57.jpg</pics>
		<status>1</status>
		<shift_id>1</shift_id>
		<shift_type>1</shift_type>
	</employee>
	<employee>
		<id>021111</id>
		<salut>Mr. </salut>
		<fname>WALTER</fname>
		<mname>PARIÑAS</mname>
		<lname>GONZALES</lname>
		<salary_grade>16-1</salary_grade>
		<step>0</step>
		<monthly_salary>0</monthly_salary>
		<permanent>1</permanent>
		<office_id>19</office_id>
		<detailed_office_id>0</detailed_office_id>
		<pics>21-May201010_43_08.jpg</pics>
		<status>1</status>
		<shift_id>1</shift_id>
		<shift_type>1</shift_type>
	</employee>
	<employee>
		<id>007237</id>
		<salut>Mr.</salut>
		<fname>JUSTINO</fname>
		<mname>BALDOZA</mname>
		<lname>GUZON</lname>
		<salary_grade>3-2</salary_grade>
		<step>0</step>
		<monthly_salary>0</monthly_salary>
		<permanent>1</permanent>
		<office_id>26</office_id>
		<detailed_office_id>26</detailed_office_id>
		<pics>21-March201003_34_30.jpg</pics>
		<status>1</status>
		<shift_id>1</shift_id>
		<shift_type>1</shift_type>
	</employee>
	<employee>
		<id>014004</id>
		<salut>Hon.</salut>
		<fname>MARK DAVID</fname>
		<mname>MORATO</mname>
		<lname>HAGEDORN</lname>
		<salary_grade>27-1</salary_grade>
		<step>0</step>
		<monthly_salary>0</monthly_salary>
		<permanent>6</permanent>
		<office_id>36</office_id>
		<detailed_office_id>0</detailed_office_id>
		<pics>21-February201002_25_00.jpg</pics>
		<status>1</status>
		<shift_id>1</shift_id>
		<shift_type>1</shift_type>
	</employee>
	<employee>
		<id>3400</id>
		<salut>Mr</salut>
		<fname>Manny</fname>
		<mname>H</mname>
		<lname>Isles</lname>
		<salary_grade>1-1</salary_grade>
		<step>0</step>
		<monthly_salary>0</monthly_salary>
		<permanent>1</permanent>
		<office_id>21</office_id>
		<detailed_office_id>0</detailed_office_id>
		<pics>-October201005_38_23.jpg</pics>
		<status>1</status>
		<shift_id>1</shift_id>
		<shift_type>1</shift_type>
	</employee>
	<employee>
		<id>021064</id>
		<salut>Mrs.</salut>
		<fname>MA. LOURDES</fname>
		<mname>TAYAG</mname>
		<lname>JARANILLA</lname>
		<salary_grade>8-5</salary_grade>
		<step>0</step>
		<monthly_salary>0</monthly_salary>
		<permanent>1</permanent>
		<office_id>19</office_id>
		<detailed_office_id>0</detailed_office_id>
		<pics>21-March201012_56_41.jpg</pics>
		<status>1</status>
		<shift_id>1</shift_id>
		<shift_type>1</shift_type>
	</employee>
	<employee>
		<id>001121</id>
		<salut>Mr.</salut>
		<fname>OLIVER</fname>
		<mname>SISNORIO</mname>
		<lname>LAZO</lname>
		<salary_grade>4-1</salary_grade>
		<step>0</step>
		<monthly_salary>0</monthly_salary>
		<permanent>5</permanent>
		<office_id>11</office_id>
		<detailed_office_id>10</detailed_office_id>
		<pics>21-March201003_00_14.jpg</pics>
		<status>1</status>
		<shift_id>1</shift_id>
		<shift_type>1</shift_type>
	</employee>
	<employee>
		<id>001123</id>
		<salut>Ms.</salut>
		<fname>MARIVIC</fname>
		<mname>MARTE</mname>
		<lname>LEGASPI</lname>
		<salary_grade>14-1</salary_grade>
		<step>0</step>
		<monthly_salary>0</monthly_salary>
		<permanent>5</permanent>
		<office_id>11</office_id>
		<detailed_office_id>0</detailed_office_id>
		<pics>21-March201003_01_59.jpg</pics>
		<status>1</status>
		<shift_id>1</shift_id>
		<shift_type>1</shift_type>
	</employee>
	<employee>
		<id>002008</id>
		<salut>Mr.</salut>
		<fname>DEMETRIO, JR.</fname>
		<mname>ANIAR</mname>
		<lname>LOPEZ</lname>
		<salary_grade>15-1</salary_grade>
		<step>0</step>
		<monthly_salary>0</monthly_salary>
		<permanent>1</permanent>
		<office_id>41</office_id>
		<detailed_office_id>0</detailed_office_id>
		<pics>21-February201003_04_11.jpg</pics>
		<status>1</status>
		<shift_id>1</shift_id>
		<shift_type>1</shift_type>
	</employee>
	<employee>
		<id>014065</id>
		<salut>Ms.</salut>
		<fname>ARABELLA</fname>
		<mname>LLACUNA</mname>
		<lname>MALADAGA</lname>
		<salary_grade>11-1</salary_grade>
		<step>0</step>
		<monthly_salary>0</monthly_salary>
		<permanent>5</permanent>
		<office_id>37</office_id>
		<detailed_office_id>0</detailed_office_id>
		<pics>21-February201003_24_00.jpg</pics>
		<status>1</status>
		<shift_id>1</shift_id>
		<shift_type>1</shift_type>
	</employee>
	<employee>
		<id>003036</id>
		<salut>Ms.</salut>
		<fname>LORNA</fname>
		<mname>DALUMPINES</mname>
		<lname>MARANAN</lname>
		<salary_grade>3-8</salary_grade>
		<step>0</step>
		<monthly_salary>0</monthly_salary>
		<permanent>1</permanent>
		<office_id>17</office_id>
		<detailed_office_id>18</detailed_office_id>
		<pics>21-March201003_52_01.jpg</pics>
		<status>1</status>
		<shift_id>1</shift_id>
		<shift_type>1</shift_type>
	</employee>
	<employee>
		<id>014003</id>
		<salut>Hon.</salut>
		<fname>LUIS III</fname>
		<mname>MARIMLA</mname>
		<lname>MARCAIDA</lname>
		<salary_grade>27-1</salary_grade>
		<step>0</step>
		<monthly_salary>0</monthly_salary>
		<permanent>1</permanent>
		<office_id>36</office_id>
		<detailed_office_id>0</detailed_office_id>
		<pics>21-February201003_30_42.jpg</pics>
		<status>1</status>
		<shift_id>1</shift_id>
		<shift_type>1</shift_type>
	</employee>
	<employee>
		<id>014078</id>
		<salut>Mr.</salut>
		<fname>EDMUND</fname>
		<mname>MORANTE</mname>
		<lname>MARCELINO</lname>
		<salary_grade>-</salary_grade>
		<step>0</step>
		<monthly_salary>0</monthly_salary>
		<permanent>5</permanent>
		<office_id>37</office_id>
		<detailed_office_id>0</detailed_office_id>
		<pics>21-July201006_26_29.jpg</pics>
		<status>1</status>
		<shift_id>1</shift_id>
		<shift_type>1</shift_type>
	</employee>
	<employee>
		<id>200002</id>
		<salut>ms</salut>
		<fname>Delia</fname>
		<mname>Barredo</mname>
		<lname>Martinez</lname>
		<salary_grade>1-1</salary_grade>
		<step>0</step>
		<monthly_salary>0</monthly_salary>
		<permanent>1</permanent>
		<office_id>46</office_id>
		<detailed_office_id>0</detailed_office_id>
		<pics></pics>
		<status>1</status>
		<shift_id>1</shift_id>
		<shift_type>1</shift_type>
	</employee>
	<employee>
		<id>005025</id>
		<salut>Mr.</salut>
		<fname>HIPOLITO</fname>
		<mname>NATAD</mname>
		<lname>MURCIA</lname>
		<salary_grade>15-4</salary_grade>
		<step>0</step>
		<monthly_salary>0</monthly_salary>
		<permanent>1</permanent>
		<office_id>3</office_id>
		<detailed_office_id>0</detailed_office_id>
		<pics>21-February201003_40_17.jpg</pics>
		<status>1</status>
		<shift_id>1</shift_id>
		<shift_type>1</shift_type>
	</employee>
	<employee>
		<id>007265</id>
		<salut>Mr.</salut>
		<fname>CHARLIE</fname>
		<mname>LAGUERTA</mname>
		<lname>NALZARO</lname>
		<salary_grade>3-1</salary_grade>
		<step>0</step>
		<monthly_salary>0</monthly_salary>
		<permanent>1</permanent>
		<office_id>9</office_id>
		<detailed_office_id>0</detailed_office_id>
		<pics>21-March201002_57_32.jpg</pics>
		<status>1</status>
		<shift_id>1</shift_id>
		<shift_type>1</shift_type>
	</employee>
	<employee>
		<id>014070</id>
		<salut>Ms.</salut>
		<fname>FLORAMAR</fname>
		<mname>RUIZ</mname>
		<lname>ONIOT</lname>
		<salary_grade>-</salary_grade>
		<step>0</step>
		<monthly_salary>0</monthly_salary>
		<permanent>5</permanent>
		<office_id>37</office_id>
		<detailed_office_id>0</detailed_office_id>
		<pics>21-July201005_55_13.jpg</pics>
		<status>1</status>
		<shift_id>1</shift_id>
		<shift_type>1</shift_type>
	</employee>
	<employee>
		<id>021069</id>
		<salut>Mrs.</salut>
		<fname>MARIETTA</fname>
		<mname>DODOY</mname>
		<lname>ORDOÑEZ</lname>
		<salary_grade>4-8</salary_grade>
		<step>0</step>
		<monthly_salary>0</monthly_salary>
		<permanent>1</permanent>
		<office_id>19</office_id>
		<detailed_office_id>0</detailed_office_id>
		<pics>21-March201002_53_15.jpg</pics>
		<status>1</status>
		<shift_id>1</shift_id>
		<shift_type>1</shift_type>
	</employee>
	<employee>
		<id>014073</id>
		<salut>Mr</salut>
		<fname>LARRY</fname>
		<mname>LAPIRA</mname>
		<lname>PADILLA</lname>
		<salary_grade>-</salary_grade>
		<step>0</step>
		<monthly_salary>0</monthly_salary>
		<permanent>5</permanent>
		<office_id>37</office_id>
		<detailed_office_id>0</detailed_office_id>
		<pics></pics>
		<status>1</status>
		<shift_id>1</shift_id>
		<shift_type>1</shift_type>
	</employee>
	<employee>
		<id>003017</id>
		<salut>Mr.</salut>
		<fname>ISAURO, JR.</fname>
		<mname>SACLET</mname>
		<lname>PALANCA </lname>
		<salary_grade>6-7</salary_grade>
		<step>0</step>
		<monthly_salary>0</monthly_salary>
		<permanent>1</permanent>
		<office_id>17</office_id>
		<detailed_office_id>18</detailed_office_id>
		<pics>21-March201006_50_40.jpg</pics>
		<status>1</status>
		<shift_id>1</shift_id>
		<shift_type>1</shift_type>
	</employee>
	<employee>
		<id>021011</id>
		<salut>Dr.</salut>
		<fname>DEAN</fname>
		<mname>LIM</mname>
		<lname>PALANCA</lname>
		<salary_grade>23-2</salary_grade>
		<step>0</step>
		<monthly_salary>0</monthly_salary>
		<permanent>1</permanent>
		<office_id>19</office_id>
		<detailed_office_id>0</detailed_office_id>
		<pics>21-March201003_16_52.jpg</pics>
		<status>1</status>
		<shift_id>1</shift_id>
		<shift_type>1</shift_type>
	</employee>
	<employee>
		<id>021002</id>
		<salut>Dr.</salut>
		<fname>RICARDO</fname>
		<mname>BORJA</mname>
		<lname>PANGANIBAN</lname>
		<salary_grade>24-3</salary_grade>
		<step>0</step>
		<monthly_salary>0</monthly_salary>
		<permanent>1</permanent>
		<office_id>19</office_id>
		<detailed_office_id>0</detailed_office_id>
		<pics>21-March201003_23_49.jpg</pics>
		<status>1</status>
		<shift_id>1</shift_id>
		<shift_type>1</shift_type>
	</employee>
	<employee>
		<id>014066</id>
		<salut>Ms.</salut>
		<fname>JONALYN</fname>
		<mname>ECHAGUE</mname>
		<lname>PARDIAN</lname>
		<salary_grade>11-1</salary_grade>
		<step>0</step>
		<monthly_salary>0</monthly_salary>
		<permanent>5</permanent>
		<office_id>37</office_id>
		<detailed_office_id>0</detailed_office_id>
		<pics>21-April201011_32_37.jpg</pics>
		<status>1</status>
		<shift_id>1</shift_id>
		<shift_type>1</shift_type>
	</employee>
	<employee>
		<id>100001</id>
		<salut>Ms</salut>
		<fname>Wilma</fname>
		<mname>Laude</mname>
		<lname>Paredes</lname>
		<salary_grade>1-1</salary_grade>
		<step>0</step>
		<monthly_salary>0</monthly_salary>
		<permanent>1</permanent>
		<office_id>46</office_id>
		<detailed_office_id>0</detailed_office_id>
		<pics></pics>
		<status>1</status>
		<shift_id>1</shift_id>
		<shift_type>1</shift_type>
	</employee>
	<employee>
		<id>021100</id>
		<salut>Mrs.</salut>
		<fname>ISABELITA</fname>
		<mname>ALVAREZ</mname>
		<lname>PELONIA</lname>
		<salary_grade>22-2</salary_grade>
		<step>0</step>
		<monthly_salary>0</monthly_salary>
		<permanent>1</permanent>
		<office_id>47</office_id>
		<detailed_office_id>0</detailed_office_id>
		<pics>21-March201003_33_09.jpg</pics>
		<status>1</status>
		<shift_id>1</shift_id>
		<shift_type>1</shift_type>
	</employee>
	<employee>
		<id>34037</id>
		<salut>Ms</salut>
		<fname>Chat</fname>
		<mname>LL</mname>
		<lname>Perez</lname>
		<salary_grade>18-3</salary_grade>
		<step>0</step>
		<monthly_salary>0</monthly_salary>
		<permanent>1</permanent>
		<office_id>21</office_id>
		<detailed_office_id>0</detailed_office_id>
		<pics></pics>
		<status>1</status>
		<shift_id>1</shift_id>
		<shift_type>1</shift_type>
	</employee>
	<employee>
		<id>001108</id>
		<salut>Mrs.</salut>
		<fname>DELMA</fname>
		<mname>MAGBANUA</mname>
		<lname>PINGOL</lname>
		<salary_grade>3-8</salary_grade>
		<step>0</step>
		<monthly_salary>0</monthly_salary>
		<permanent>1</permanent>
		<office_id>25</office_id>
		<detailed_office_id>0</detailed_office_id>
		<pics>21-March201009_11_39.jpg</pics>
		<status>1</status>
		<shift_id>1</shift_id>
		<shift_type>1</shift_type>
	</employee>
	<employee>
		<id>014077</id>
		<salut>Ms.</salut>
		<fname>VIA ANGELA</fname>
		<mname>DE GUZMAN</mname>
		<lname>PRIVADO</lname>
		<salary_grade>-</salary_grade>
		<step>0</step>
		<monthly_salary>0</monthly_salary>
		<permanent>5</permanent>
		<office_id>37</office_id>
		<detailed_office_id>0</detailed_office_id>
		<pics>21-July201006_15_59.jpg</pics>
		<status>1</status>
		<shift_id>1</shift_id>
		<shift_type>1</shift_type>
	</employee>
	<employee>
		<id>014076</id>
		<salut>Ms.</salut>
		<fname>SONIA</fname>
		<mname>PARANGUE</mname>
		<lname>QUINTERO</lname>
		<salary_grade>-</salary_grade>
		<step>0</step>
		<monthly_salary>0</monthly_salary>
		<permanent>5</permanent>
		<office_id>37</office_id>
		<detailed_office_id>0</detailed_office_id>
		<pics>21-July201006_19_24.jpg</pics>
		<status>1</status>
		<shift_id>1</shift_id>
		<shift_type>1</shift_type>
	</employee>
	<employee>
		<id>001022</id>
		<salut>Mrs.</salut>
		<fname>YOLANDA</fname>
		<mname>CARANDANG</mname>
		<lname>QUIZON</lname>
		<salary_grade>4-3</salary_grade>
		<step>0</step>
		<monthly_salary>0</monthly_salary>
		<permanent>5</permanent>
		<office_id>11</office_id>
		<detailed_office_id>4</detailed_office_id>
		<pics>21-March201005_34_02.jpg</pics>
		<status>1</status>
		<shift_id>1</shift_id>
		<shift_type>1</shift_type>
	</employee>
	<employee>
		<id>001120</id>
		<salut>Mr.</salut>
		<fname>LAMBERTO</fname>
		<mname>GONZALES</mname>
		<lname>RAMA</lname>
		<salary_grade>22-7</salary_grade>
		<step>0</step>
		<monthly_salary>0</monthly_salary>
		<permanent>1</permanent>
		<office_id>25</office_id>
		<detailed_office_id>0</detailed_office_id>
		<pics>21-March201001_45_35.jpg</pics>
		<status>1</status>
		<shift_id>1</shift_id>
		<shift_type>1</shift_type>
	</employee>
	<employee>
		<id>021021</id>
		<salut>Dra.</salut>
		<fname>JANETH</fname>
		<mname>CUENCAHO</mname>
		<lname>RESTON</lname>
		<salary_grade>20-1</salary_grade>
		<step>0</step>
		<monthly_salary>0</monthly_salary>
		<permanent>1</permanent>
		<office_id>19</office_id>
		<detailed_office_id>0</detailed_office_id>
		<pics>21-March201003_33_38.jpg</pics>
		<status>1</status>
		<shift_id>1</shift_id>
		<shift_type>1</shift_type>
	</employee>
	<employee>
		<id>020009</id>
		<salut>Mrs.</salut>
		<fname>ANNALEA</fname>
		<mname>PENONIA</mname>
		<lname>REYNOSO</lname>
		<salary_grade>9-2</salary_grade>
		<step>0</step>
		<monthly_salary>0</monthly_salary>
		<permanent>1</permanent>
		<office_id>40</office_id>
		<detailed_office_id>0</detailed_office_id>
		<pics>21-March201005_36_00.jpg</pics>
		<status>1</status>
		<shift_id>1</shift_id>
		<shift_type>1</shift_type>
	</employee>
	<employee>
		<id>200004</id>
		<salut>Ms</salut>
		<fname>Analeah</fname>
		<mname>Penonia</mname>
		<lname>Reynoso</lname>
		<salary_grade>1-1</salary_grade>
		<step>0</step>
		<monthly_salary>0</monthly_salary>
		<permanent>1</permanent>
		<office_id>46</office_id>
		<detailed_office_id>0</detailed_office_id>
		<pics></pics>
		<status>1</status>
		<shift_id>1</shift_id>
		<shift_type>1</shift_type>
	</employee>
	<employee>
		<id>013022</id>
		<salut>Mr.</salut>
		<fname>RIZALDO</fname>
		<mname>ABALA</mname>
		<lname>RODRIGUEZ</lname>
		<salary_grade>11-5</salary_grade>
		<step>0</step>
		<monthly_salary>0</monthly_salary>
		<permanent>1</permanent>
		<office_id>35</office_id>
		<detailed_office_id>0</detailed_office_id>
		<pics>21-February201002_13_14.jpg</pics>
		<status>1</status>
		<shift_id>1</shift_id>
		<shift_type>1</shift_type>
	</employee>
	<employee>
		<id>015007</id>
		<salut>Mr.</salut>
		<fname>KRISTOFFER</fname>
		<mname>MANALON</mname>
		<lname>ROMASANTA</lname>
		<salary_grade>7-2</salary_grade>
		<step>0</step>
		<monthly_salary>0</monthly_salary>
		<permanent>1</permanent>
		<office_id>23</office_id>
		<detailed_office_id>0</detailed_office_id>
		<pics>21-November200901_21_04.jpg</pics>
		<status>1</status>
		<shift_id>1</shift_id>
		<shift_type>1</shift_type>
	</employee>
	<employee>
		<id>34001</id>
		<salut>rr</salut>
		<fname>rr</fname>
		<mname>rr</mname>
		<lname>rr</lname>
		<salary_grade>1</salary_grade>
		<step>1</step>
		<monthly_salary>0</monthly_salary>
		<permanent>1</permanent>
		<office_id>42</office_id>
		<detailed_office_id>0</detailed_office_id>
		<pics>0</pics>
		<status>1</status>
		<shift_id>1</shift_id>
		<shift_type>1</shift_type>
	</employee>
	<employee>
		<id>34001</id>
		<salut>rr</salut>
		<fname>rr</fname>
		<mname>rr</mname>
		<lname>rr</lname>
		<salary_grade>1</salary_grade>
		<step>1</step>
		<monthly_salary>0</monthly_salary>
		<permanent>1</permanent>
		<office_id>42</office_id>
		<detailed_office_id>0</detailed_office_id>
		<pics>0</pics>
		<status>1</status>
		<shift_id>1</shift_id>
		<shift_type>1</shift_type>
	</employee>
	<employee>
		<id>004001</id>
		<salut>Mr.</salut>
		<fname>FELIMON</fname>
		<mname>RODRIGUEZ</mname>
		<lname>SABAS</lname>
		<salary_grade>26-2</salary_grade>
		<step>0</step>
		<monthly_salary>0</monthly_salary>
		<permanent>1</permanent>
		<office_id>21</office_id>
		<detailed_office_id>0</detailed_office_id>
		<pics>21-March201002_04_39.jpg</pics>
		<status>1</status>
		<shift_id>1</shift_id>
		<shift_type>1</shift_type>
	</employee>
	<employee>
		<id>020014</id>
		<salut>Dra.</salut>
		<fname>INDIRA</fname>
		<mname>ALAYON</mname>
		<lname>SANTIAGO</lname>
		<salary_grade>22-2</salary_grade>
		<step>0</step>
		<monthly_salary>0</monthly_salary>
		<permanent>1</permanent>
		<office_id>40</office_id>
		<detailed_office_id>0</detailed_office_id>
		<pics>21-May201001_17_20.jpg</pics>
		<status>1</status>
		<shift_id>1</shift_id>
		<shift_type>1</shift_type>
	</employee>
	<employee>
		<id>020003</id>
		<salut>Mr.</salut>
		<fname>JOHN THEODORE</fname>
		<mname>BALTAZAR</mname>
		<lname>SANTIAGO</lname>
		<salary_grade>6-4</salary_grade>
		<step>0</step>
		<monthly_salary>0</monthly_salary>
		<permanent>1</permanent>
		<office_id>40</office_id>
		<detailed_office_id>34</detailed_office_id>
		<pics>21-March201006_00_19.jpg</pics>
		<status>1</status>
		<shift_id>1</shift_id>
		<shift_type>1</shift_type>
	</employee>
	<employee>
		<id>021040</id>
		<salut>Mrs.</salut>
		<fname>MARITESS</fname>
		<mname>HERRERA</mname>
		<lname>SELGA</lname>
		<salary_grade>11-8</salary_grade>
		<step>0</step>
		<monthly_salary>0</monthly_salary>
		<permanent>1</permanent>
		<office_id>19</office_id>
		<detailed_office_id>0</detailed_office_id>
		<pics>21-March201006_26_06.jpg</pics>
		<status>1</status>
		<shift_id>1</shift_id>
		<shift_type>1</shift_type>
	</employee>
	<employee>
		<id>020018</id>
		<salut>Mrs.</salut>
		<fname>JAMILA</fname>
		<mname>JUAN</mname>
		<lname>SULOG</lname>
		<salary_grade>4-2</salary_grade>
		<step>0</step>
		<monthly_salary>0</monthly_salary>
		<permanent>1</permanent>
		<office_id>40</office_id>
		<detailed_office_id>0</detailed_office_id>
		<pics>21-March201006_07_47.jpg</pics>
		<status>1</status>
		<shift_id>1</shift_id>
		<shift_type>1</shift_type>
	</employee>
	<employee>
		<id>200006</id>
		<salut>Ms</salut>
		<fname>Marilyn</fname>
		<mname>Magbanua</mname>
		<lname>Sumandal</lname>
		<salary_grade>1-1</salary_grade>
		<step>0</step>
		<monthly_salary>0</monthly_salary>
		<permanent>1</permanent>
		<office_id>46</office_id>
		<detailed_office_id>0</detailed_office_id>
		<pics></pics>
		<status>1</status>
		<shift_id>1</shift_id>
		<shift_type>1</shift_type>
	</employee>
	<employee>
		<id>014071</id>
		<salut>Mr.</salut>
		<fname>REYNALDO</fname>
		<mname>MOLE</mname>
		<lname>TIMBANCAYA</lname>
		<salary_grade>-</salary_grade>
		<step>0</step>
		<monthly_salary>0</monthly_salary>
		<permanent>5</permanent>
		<office_id>37</office_id>
		<detailed_office_id>0</detailed_office_id>
		<pics>21-July201002_29_57.jpg</pics>
		<status>1</status>
		<shift_id>1</shift_id>
		<shift_type>1</shift_type>
	</employee>
	<employee>
		<id>005030</id>
		<salut>Mr.</salut>
		<fname>RODRIGO</fname>
		<mname>DAGOT</mname>
		<lname>VALDEZTAMON</lname>
		<salary_grade>8-7</salary_grade>
		<step>0</step>
		<monthly_salary>0</monthly_salary>
		<permanent>1</permanent>
		<office_id>3</office_id>
		<detailed_office_id>0</detailed_office_id>
		<pics>21-February201003_43_25.jpg</pics>
		<status>1</status>
		<shift_id>1</shift_id>
		<shift_type>1</shift_type>
	</employee>
	<employee>
		<id>021107</id>
		<salut>Mrs.</salut>
		<fname>NORA</fname>
		<mname>MAGBANUA</mname>
		<lname>VELASCO</lname>
		<salary_grade>11-5</salary_grade>
		<step>0</step>
		<monthly_salary>0</monthly_salary>
		<permanent>1</permanent>
		<office_id>47</office_id>
		<detailed_office_id>0</detailed_office_id>
		<pics>21-March201007_05_58.jpg</pics>
		<status>1</status>
		<shift_id>1</shift_id>
		<shift_type>1</shift_type>
	</employee>
	<employee>
		<id>021072</id>
		<salut>Mrs.</salut>
		<fname>FLORDELIZA</fname>
		<mname>RELADO</mname>
		<lname>VENTURILLO</lname>
		<salary_grade>4-7</salary_grade>
		<step>0</step>
		<monthly_salary>0</monthly_salary>
		<permanent>1</permanent>
		<office_id>19</office_id>
		<detailed_office_id>0</detailed_office_id>
		<pics>21-March201007_11_29.jpg</pics>
		<status>1</status>
		<shift_id>1</shift_id>
		<shift_type>1</shift_type>
	</employee>
	<employee>
		<id>001004</id>
		<salut>Mrs.</salut>
		<fname>TERESITA</fname>
		<mname>ARBOLEDA</mname>
		<lname>VILLENA</lname>
		<salary_grade>22-3</salary_grade>
		<step>0</step>
		<monthly_salary>0</monthly_salary>
		<permanent>5</permanent>
		<office_id>11</office_id>
		<detailed_office_id>0</detailed_office_id>
		<pics>21-March201007_05_12.jpg</pics>
		<status>1</status>
		<shift_id>1</shift_id>
		<shift_type>1</shift_type>
	</employee>
	<employee>
		<id>021029</id>
		<salut>Dra.</salut>
		<fname>MA. TERESA</fname>
		<mname>SANTOS</mname>
		<lname>WYCOCO</lname>
		<salary_grade>20-1</salary_grade>
		<step>0</step>
		<monthly_salary>0</monthly_salary>
		<permanent>1</permanent>
		<office_id>19</office_id>
		<detailed_office_id>0</detailed_office_id>
		<pics>21-March201007_20_47.jpg</pics>
		<status>1</status>
		<shift_id>1</shift_id>
		<shift_type>1</shift_type>
	</employee>
</root>