<?xml version="1.0" encoding="UTF-8"?>
<root>
	<logs>
		<username>0001</username>
		<office_id>21</office_id>
		<command>DOWNLOAD ZIP FILE</command>
		<details>Download zip file from computer</details>
		<employee_id_affected></employee_id_affected>
		<date>2010-11-20 04:11:00</date>
	</logs>
	<logs>
		<username>0001</username>
		<office_id>21</office_id>
		<command>DOWNLOAD ZIP FILE</command>
		<details>Download zip file from computer</details>
		<employee_id_affected></employee_id_affected>
		<date>2010-11-20 04:11:00</date>
	</logs>
	<logs>
		<username>0001</username>
		<office_id>21</office_id>
		<command>DOWNLOAD ZIP FILE</command>
		<details>Download zip file from computer</details>
		<employee_id_affected></employee_id_affected>
		<date>2010-11-20 04:01:00</date>
	</logs>
	<logs>
		<username>0001</username>
		<office_id>21</office_id>
		<command>DOWNLOAD ZIP FILE</command>
		<details>Download zip file from computer</details>
		<employee_id_affected></employee_id_affected>
		<date>2010-11-20 03:55:00</date>
	</logs>
</root>