<?xml version="1.0" encoding="UTF-8"?>
<root>
	<employee>
		<id>1349</id>
		<salut>Mrs.</salut>
		<fname>VILMA</fname>
		<mname>BUENVIAJE</mname>
		<lname>ABAA</lname>
		<salary_grade>4</salary_grade>
		<step>2</step>
		<monthly_salary></monthly_salary>
		<permanent>1</permanent>
		<office_id>19</office_id>
		<detailed_office_id>0</detailed_office_id>
		<pics>21-March201005_49_31.jpg</pics>
		<status>1</status>
		<shift_id>1</shift_id>
		<shift_type>1</shift_type>
	</employee>
	<employee>
		<id>1453</id>
		<salut>Mrs.</salut>
		<fname>MA. CORAZON</fname>
		<mname>ARBOLEDA</mname>
		<lname>ABAYARI</lname>
		<salary_grade>24</salary_grade>
		<step>1</step>
		<monthly_salary></monthly_salary>
		<permanent>1</permanent>
		<office_id>39</office_id>
		<detailed_office_id>0</detailed_office_id>
		<pics></pics>
		<status>1</status>
		<shift_id>1</shift_id>
		<shift_type>1</shift_type>
	</employee>
	<employee>
		<id>1343</id>
		<salut>Mrs.</salut>
		<fname>OFELIA</fname>
		<mname>SAN JUAN</mname>
		<lname>AGUILAR</lname>
		<salary_grade>15</salary_grade>
		<step>7</step>
		<monthly_salary></monthly_salary>
		<permanent>1</permanent>
		<office_id>27</office_id>
		<detailed_office_id>0</detailed_office_id>
		<pics>21-November200907_56_07.jpg</pics>
		<status>1</status>
		<shift_id>1</shift_id>
		<shift_type>1</shift_type>
	</employee>
	<employee>
		<id>1348</id>
		<salut>Mrs.</salut>
		<fname>IRENE</fname>
		<mname>ASUTILLA</mname>
		<lname>ALIB</lname>
		<salary_grade>6</salary_grade>
		<step>2</step>
		<monthly_salary></monthly_salary>
		<permanent>1</permanent>
		<office_id>19</office_id>
		<detailed_office_id>0</detailed_office_id>
		<pics>21-March201005_52_31.jpg</pics>
		<status>1</status>
		<shift_id>1</shift_id>
		<shift_type>1</shift_type>
	</employee>
	<employee>
		<id>1377</id>
		<salut>Mr.</salut>
		<fname>CESAR</fname>
		<mname>RAMIREZ</mname>
		<lname>ALMOITE</lname>
		<salary_grade>6</salary_grade>
		<step>4</step>
		<monthly_salary></monthly_salary>
		<permanent>1</permanent>
		<office_id>26</office_id>
		<detailed_office_id>0</detailed_office_id>
		<pics>21-March201002_51_31.jpg</pics>
		<status>1</status>
		<shift_id>1</shift_id>
		<shift_type>1</shift_type>
	</employee>
	<employee>
		<id>1470</id>
		<salut>Mr.</salut>
		<fname>REYMUND NARCISO</fname>
		<mname>OLANO</mname>
		<lname>ALOLOD</lname>
		<salary_grade>4</salary_grade>
		<step>1</step>
		<monthly_salary></monthly_salary>
		<permanent>1</permanent>
		<office_id>9</office_id>
		<detailed_office_id>0</detailed_office_id>
		<pics>0</pics>
		<status>1</status>
		<shift_id>1</shift_id>
		<shift_type>1</shift_type>
	</employee>
	<employee>
		<id>1350</id>
		<salut>Mrs.</salut>
		<fname>JESSELYN</fname>
		<mname>OPIALA</mname>
		<lname>AMADOR</lname>
		<salary_grade>4</salary_grade>
		<step>2</step>
		<monthly_salary></monthly_salary>
		<permanent>1</permanent>
		<office_id>19</office_id>
		<detailed_office_id>0</detailed_office_id>
		<pics>21-March201005_54_59.jpg</pics>
		<status>1</status>
		<shift_id>1</shift_id>
		<shift_type>1</shift_type>
	</employee>
	<employee>
		<id>1367</id>
		<salut>Mr.</salut>
		<fname>PEDRO</fname>
		<mname>CAGATIN</mname>
		<lname>AÑASCO</lname>
		<salary_grade>16</salary_grade>
		<step>2</step>
		<monthly_salary></monthly_salary>
		<permanent>1</permanent>
		<office_id>34</office_id>
		<detailed_office_id>0</detailed_office_id>
		<pics>21-March201007_48_01.jpg</pics>
		<status>1</status>
		<shift_id>1</shift_id>
		<shift_type>1</shift_type>
	</employee>
	<employee>
		<id>1351</id>
		<salut>Mrs.</salut>
		<fname>ERLINDA</fname>
		<mname>RACION</mname>
		<lname>ANGELES</lname>
		<salary_grade>11</salary_grade>
		<step>8</step>
		<monthly_salary></monthly_salary>
		<permanent>1</permanent>
		<office_id>19</office_id>
		<detailed_office_id>0</detailed_office_id>
		<pics>21-March201005_57_17.jpg</pics>
		<status>1</status>
		<shift_id>1</shift_id>
		<shift_type>1</shift_type>
	</employee>
	<employee>
		<id>1492</id>
		<salut>MS</salut>
		<fname>MYRA</fname>
		<mname>S</mname>
		<lname>ARANETA</lname>
		<salary_grade>16</salary_grade>
		<step>1</step>
		<monthly_salary></monthly_salary>
		<permanent>1</permanent>
		<office_id>51</office_id>
		<detailed_office_id>42</detailed_office_id>
		<pics>1-big.jpg</pics>
		<status>1</status>
		<shift_id>1</shift_id>
		<shift_type>1</shift_type>
	</employee>
	<employee>
		<id>1354</id>
		<salut>Mrs.</salut>
		<fname>EMMA</fname>
		<mname>BALMONTE</mname>
		<lname>ARCEO</lname>
		<salary_grade>8</salary_grade>
		<step>5</step>
		<monthly_salary></monthly_salary>
		<permanent>1</permanent>
		<office_id>19</office_id>
		<detailed_office_id>0</detailed_office_id>
		<pics>21-March201006_00_48.jpg</pics>
		<status>1</status>
		<shift_id>1</shift_id>
		<shift_type>1</shift_type>
	</employee>
	<employee>
		<id>1446</id>
		<salut>Ms.</salut>
		<fname>MARIA FE</fname>
		<mname>OPIALA</mname>
		<lname>ARZAGA</lname>
		<salary_grade>1</salary_grade>
		<step>1</step>
		<monthly_salary></monthly_salary>
		<permanent>1</permanent>
		<office_id>11</office_id>
		<detailed_office_id>0</detailed_office_id>
		<pics>21-August201006_13_46.png</pics>
		<status>1</status>
		<shift_id>1</shift_id>
		<shift_type>1</shift_type>
	</employee>
	<employee>
		<id>1362</id>
		<salut>Hon.</salut>
		<fname>TRISHA MAE</fname>
		<mname>CERVANCIA</mname>
		<lname>ASUNCION</lname>
		<salary_grade>27</salary_grade>
		<step>1</step>
		<monthly_salary></monthly_salary>
		<permanent>6</permanent>
		<office_id>22</office_id>
		<detailed_office_id>0</detailed_office_id>
		<pics>21-February201007_19_00.jpg</pics>
		<status>1</status>
		<shift_id>1</shift_id>
		<shift_type>1</shift_type>
	</employee>
	<employee>
		<id>1352</id>
		<salut>Mrs.</salut>
		<fname>LEONORA</fname>
		<mname>MENDEZ</mname>
		<lname>ATIENZA</lname>
		<salary_grade>8</salary_grade>
		<step>2</step>
		<monthly_salary></monthly_salary>
		<permanent>1</permanent>
		<office_id>19</office_id>
		<detailed_office_id>0</detailed_office_id>
		<pics>21-March201006_09_28.jpg</pics>
		<status>1</status>
		<shift_id>1</shift_id>
		<shift_type>1</shift_type>
	</employee>
	<employee>
		<id>1356</id>
		<salut>Mr.</salut>
		<fname>ALBERTO</fname>
		<mname>MAGANTE</mname>
		<lname>AUNGON</lname>
		<salary_grade>4</salary_grade>
		<step>8</step>
		<monthly_salary></monthly_salary>
		<permanent>1</permanent>
		<office_id>26</office_id>
		<detailed_office_id>0</detailed_office_id>
		<pics>21-March201003_37_11.jpg</pics>
		<status>1</status>
		<shift_id>1</shift_id>
		<shift_type>1</shift_type>
	</employee>
	<employee>
		<id>1358</id>
		<salut>Mr.</salut>
		<fname>JAIME</fname>
		<mname>MERCADAL</mname>
		<lname>AVES</lname>
		<salary_grade>3</salary_grade>
		<step>7</step>
		<monthly_salary></monthly_salary>
		<permanent>1</permanent>
		<office_id>25</office_id>
		<detailed_office_id>0</detailed_office_id>
		<pics>21-March201008_34_27.jpg</pics>
		<status>1</status>
		<shift_id>1</shift_id>
		<shift_type>1</shift_type>
	</employee>
	<employee>
		<id>1016</id>
		<salut>Mrs.</salut>
		<fname>CORAZON</fname>
		<mname>LAGUTAN</mname>
		<lname>BACOMO</lname>
		<salary_grade>11</salary_grade>
		<step>8</step>
		<monthly_salary></monthly_salary>
		<permanent>1</permanent>
		<office_id>19</office_id>
		<detailed_office_id>0</detailed_office_id>
		<pics>21-March201006_16_57.jpg</pics>
		<status>1</status>
		<shift_id>1</shift_id>
		<shift_type>1</shift_type>
	</employee>
	<employee>
		<id>1344</id>
		<salut>Mrs.</salut>
		<fname>JOSEFINA</fname>
		<mname>JUAN</mname>
		<lname>BARADAS</lname>
		<salary_grade>11</salary_grade>
		<step>6</step>
		<monthly_salary></monthly_salary>
		<permanent>1</permanent>
		<office_id>39</office_id>
		<detailed_office_id>0</detailed_office_id>
		<pics>21-March201002_29_36.jpg</pics>
		<status>1</status>
		<shift_id>1</shift_id>
		<shift_type>1</shift_type>
	</employee>
	<employee>
		<id>1036</id>
		<salut>Mr.</salut>
		<fname>ROBERTO</fname>
		<mname>FRANCO</mname>
		<lname>BASAYA</lname>
		<salary_grade>6</salary_grade>
		<step>4</step>
		<monthly_salary></monthly_salary>
		<permanent>1</permanent>
		<office_id>26</office_id>
		<detailed_office_id>0</detailed_office_id>
		<pics>21-March201005_48_28.jpg</pics>
		<status>1</status>
		<shift_id>1</shift_id>
		<shift_type>1</shift_type>
	</employee>
	<employee>
		<id>1011</id>
		<salut>Mr.</salut>
		<fname>RAMON</fname>
		<mname>RABANG</mname>
		<lname>BASCONGADA, JR.</lname>
		<salary_grade>6</salary_grade>
		<step>4</step>
		<monthly_salary></monthly_salary>
		<permanent>1</permanent>
		<office_id>26</office_id>
		<detailed_office_id>0</detailed_office_id>
		<pics>21-March201005_55_37.jpg</pics>
		<status>1</status>
		<shift_id>1</shift_id>
		<shift_type>1</shift_type>
	</employee>
	<employee>
		<id>1031</id>
		<salut>Mr.</salut>
		<fname>FLORESTO</fname>
		<mname>BAYOS</mname>
		<lname>BLANCO</lname>
		<salary_grade>3</salary_grade>
		<step>1</step>
		<monthly_salary></monthly_salary>
		<permanent>1</permanent>
		<office_id>8</office_id>
		<detailed_office_id>0</detailed_office_id>
		<pics>21-May201011_17_47.jpg</pics>
		<status>1</status>
		<shift_id>1</shift_id>
		<shift_type>1</shift_type>
	</employee>
	<employee>
		<id>1340</id>
		<salut>Mr.</salut>
		<fname>JOSE PEPITO</fname>
		<mname>GABRIEL</mname>
		<lname>BONETE, Jr.</lname>
		<salary_grade>11</salary_grade>
		<step>2</step>
		<monthly_salary></monthly_salary>
		<permanent>1</permanent>
		<office_id>21</office_id>
		<detailed_office_id>0</detailed_office_id>
		<pics>21-May201003_35_44.jpg</pics>
		<status>1</status>
		<shift_id>1</shift_id>
		<shift_type>1</shift_type>
	</employee>
	<employee>
		<id>1353</id>
		<salut>Mrs.</salut>
		<fname>ARMINDA</fname>
		<mname>ARENIO</mname>
		<lname>BUAYA</lname>
		<salary_grade>4</salary_grade>
		<step>2</step>
		<monthly_salary></monthly_salary>
		<permanent>1</permanent>
		<office_id>47</office_id>
		<detailed_office_id>0</detailed_office_id>
		<pics>21-March201006_04_00.jpg</pics>
		<status>1</status>
		<shift_id>1</shift_id>
		<shift_type>1</shift_type>
	</employee>
	<employee>
		<id>1435</id>
		<salut>Mr.</salut>
		<fname>Jose</fname>
		<mname>Javarez</mname>
		<lname>Burgos</lname>
		<salary_grade>1</salary_grade>
		<step>1</step>
		<monthly_salary></monthly_salary>
		<permanent>1</permanent>
		<office_id>46</office_id>
		<detailed_office_id>0</detailed_office_id>
		<pics></pics>
		<status>1</status>
		<shift_id>1</shift_id>
		<shift_type>1</shift_type>
	</employee>
	<employee>
		<id>1468</id>
		<salut>MR.</salut>
		<fname>AURELIO</fname>
		<mname>ALBANDIA</mname>
		<lname>CABRERA</lname>
		<salary_grade>3</salary_grade>
		<step>1</step>
		<monthly_salary></monthly_salary>
		<permanent>1</permanent>
		<office_id>26</office_id>
		<detailed_office_id>0</detailed_office_id>
		<pics>0</pics>
		<status>1</status>
		<shift_id>1</shift_id>
		<shift_type>1</shift_type>
	</employee>
	<employee>
		<id>1486</id>
		<salut>MS</salut>
		<fname>AIDA</fname>
		<mname>CARAVANA</mname>
		<lname>CARAAN</lname>
		<salary_grade>15</salary_grade>
		<step>1</step>
		<monthly_salary></monthly_salary>
		<permanent>1</permanent>
		<office_id>51</office_id>
		<detailed_office_id>0</detailed_office_id>
		<pics>1-big.jpg</pics>
		<status>1</status>
		<shift_id>1</shift_id>
		<shift_type>1</shift_type>
	</employee>
	<employee>
		<id>1455</id>
		<salut>Mrs.</salut>
		<fname>BERNABETTE</fname>
		<mname>B</mname>
		<lname>CARALIPIO</lname>
		<salary_grade>1</salary_grade>
		<step>1</step>
		<monthly_salary></monthly_salary>
		<permanent>1</permanent>
		<office_id>5</office_id>
		<detailed_office_id>0</detailed_office_id>
		<pics>21-October201007_48_40.jpg</pics>
		<status>1</status>
		<shift_id>1</shift_id>
		<shift_type>1</shift_type>
	</employee>
	<employee>
		<id>1359</id>
		<salut>Mr.</salut>
		<fname>CLIFFORD</fname>
		<mname>CONTRERAS</mname>
		<lname>CARBONELL</lname>
		<salary_grade>3</salary_grade>
		<step>1</step>
		<monthly_salary></monthly_salary>
		<permanent>5</permanent>
		<office_id>37</office_id>
		<detailed_office_id>0</detailed_office_id>
		<pics>21-March201007_34_04.jpg</pics>
		<status>1</status>
		<shift_id>1</shift_id>
		<shift_type>1</shift_type>
	</employee>
	<employee>
		<id>1335</id>
		<salut>Mrs.</salut>
		<fname>TERESITA</fname>
		<mname>PULUMBARIT</mname>
		<lname>CARLOS</lname>
		<salary_grade>22</salary_grade>
		<step>3</step>
		<monthly_salary></monthly_salary>
		<permanent>5</permanent>
		<office_id>11</office_id>
		<detailed_office_id>0</detailed_office_id>
		<pics>21-February201007_48_06.jpg</pics>
		<status>1</status>
		<shift_id>1</shift_id>
		<shift_type>1</shift_type>
	</employee>
	<employee>
		<id>1015</id>
		<salut>Mrs.</salut>
		<fname>NANNETTE</fname>
		<mname>SADANG</mname>
		<lname>CASID</lname>
		<salary_grade>10</salary_grade>
		<step>2</step>
		<monthly_salary></monthly_salary>
		<permanent>1</permanent>
		<office_id>19</office_id>
		<detailed_office_id>0</detailed_office_id>
		<pics>21-March201007_34_03.jpg</pics>
		<status>1</status>
		<shift_id>1</shift_id>
		<shift_type>1</shift_type>
	</employee>
	<employee>
		<id>1030</id>
		<salut>Mrs.</salut>
		<fname>TRINI ANN</fname>
		<mname>LIM</mname>
		<lname>CASTRO</lname>
		<salary_grade>4</salary_grade>
		<step>2</step>
		<monthly_salary></monthly_salary>
		<permanent>1</permanent>
		<office_id>19</office_id>
		<detailed_office_id>0</detailed_office_id>
		<pics>21-March201001_29_30.jpg</pics>
		<status>1</status>
		<shift_id>1</shift_id>
		<shift_type>1</shift_type>
	</employee>
	<employee>
		<id>1431</id>
		<salut>MR</salut>
		<fname>Julius</fname>
		<mname>Cossid</mname>
		<lname>Cayabyab</lname>
		<salary_grade>1</salary_grade>
		<step>1</step>
		<monthly_salary></monthly_salary>
		<permanent>1</permanent>
		<office_id>46</office_id>
		<detailed_office_id>0</detailed_office_id>
		<pics></pics>
		<status>1</status>
		<shift_id>1</shift_id>
		<shift_type>1</shift_type>
	</employee>
	<employee>
		<id>1429</id>
		<salut>MR</salut>
		<fname>Romar</fname>
		<mname>Madamay</mname>
		<lname>Cayanan</lname>
		<salary_grade>1</salary_grade>
		<step>1</step>
		<monthly_salary></monthly_salary>
		<permanent>1</permanent>
		<office_id>46</office_id>
		<detailed_office_id>0</detailed_office_id>
		<pics></pics>
		<status>1</status>
		<shift_id>1</shift_id>
		<shift_type>1</shift_type>
	</employee>
	<employee>
		<id>1471</id>
		<salut>MR.</salut>
		<fname>MIGUELITO</fname>
		<mname>ELEAZAR</mname>
		<lname>CERVANCIA</lname>
		<salary_grade>8</salary_grade>
		<step>1</step>
		<monthly_salary></monthly_salary>
		<permanent>1</permanent>
		<office_id>3</office_id>
		<detailed_office_id>0</detailed_office_id>
		<pics>0</pics>
		<status>1</status>
		<shift_id>1</shift_id>
		<shift_type>1</shift_type>
	</employee>
	<employee>
		<id>1499</id>
		<salut>Ms</salut>
		<fname>Calamba</fname>
		<mname>H</mname>
		<lname>City</lname>
		<salary_grade>1</salary_grade>
		<step>1</step>
		<monthly_salary></monthly_salary>
		<permanent>1</permanent>
		<office_id>21</office_id>
		<detailed_office_id>43</detailed_office_id>
		<pics>0</pics>
		<status>1</status>
		<shift_id>1</shift_id>
		<shift_type>1</shift_type>
	</employee>
	<employee>
		<id>1498</id>
		<salut>Ms</salut>
		<fname>Calamba</fname>
		<mname>H</mname>
		<lname>City</lname>
		<salary_grade>1</salary_grade>
		<step>1</step>
		<monthly_salary></monthly_salary>
		<permanent>1</permanent>
		<office_id>21</office_id>
		<detailed_office_id>0</detailed_office_id>
		<pics>0</pics>
		<status>1</status>
		<shift_id>1</shift_id>
		<shift_type>1</shift_type>
	</employee>
	<employee>
		<id>1491</id>
		<salut>MRS.</salut>
		<fname>ANA LIZA</fname>
		<mname>RAMOS</mname>
		<lname>CUVIN</lname>
		<salary_grade>10</salary_grade>
		<step>3</step>
		<monthly_salary></monthly_salary>
		<permanent>1</permanent>
		<office_id>52</office_id>
		<detailed_office_id>0</detailed_office_id>
		<pics>100_1091.JPG</pics>
		<status>1</status>
		<shift_id>1</shift_id>
		<shift_type>1</shift_type>
	</employee>
	<employee>
		<id>1368</id>
		<salut>Mrs.</salut>
		<fname>ARLENE</fname>
		<mname>CORONADO</mname>
		<lname>DAIGO</lname>
		<salary_grade>15</salary_grade>
		<step>1</step>
		<monthly_salary></monthly_salary>
		<permanent>5</permanent>
		<office_id>11</office_id>
		<detailed_office_id>0</detailed_office_id>
		<pics>21-March201007_42_31.jpg</pics>
		<status>1</status>
		<shift_id>1</shift_id>
		<shift_type>1</shift_type>
	</employee>
	<employee>
		<id>1456</id>
		<salut>Hon.</salut>
		<fname>VICKY</fname>
		<mname>T.</mname>
		<lname>DE GUZMAN</lname>
		<salary_grade></salary_grade>
		<step>1</step>
		<monthly_salary></monthly_salary>
		<permanent>6</permanent>
		<office_id>36</office_id>
		<detailed_office_id>0</detailed_office_id>
		<pics></pics>
		<status>1</status>
		<shift_id>1</shift_id>
		<shift_type>1</shift_type>
	</employee>
	<employee>
		<id>1382</id>
		<salut>Mr.</salut>
		<fname>JOSEPH</fname>
		<mname>LEPALAM</mname>
		<lname>DELA ROSA</lname>
		<salary_grade>3</salary_grade>
		<step>1</step>
		<monthly_salary></monthly_salary>
		<permanent>1</permanent>
		<office_id>17</office_id>
		<detailed_office_id>0</detailed_office_id>
		<pics>21-March201003_09_28.jpg</pics>
		<status>1</status>
		<shift_id>1</shift_id>
		<shift_type>1</shift_type>
	</employee>
	<employee>
		<id>1032</id>
		<salut>Mr.</salut>
		<fname>ENRIQUE</fname>
		<mname>CORPUZ</mname>
		<lname>DIGDIG</lname>
		<salary_grade>6</salary_grade>
		<step>4</step>
		<monthly_salary></monthly_salary>
		<permanent>1</permanent>
		<office_id>26</office_id>
		<detailed_office_id>0</detailed_office_id>
		<pics>21-March201008_35_22.jpg</pics>
		<status>1</status>
		<shift_id>1</shift_id>
		<shift_type>1</shift_type>
	</employee>
	<employee>
		<id>1463</id>
		<salut>MR.</salut>
		<fname>RAYMUND</fname>
		<mname>ABRINA</mname>
		<lname>DIZON</lname>
		<salary_grade>3</salary_grade>
		<step>1</step>
		<monthly_salary></monthly_salary>
		<permanent>1</permanent>
		<office_id>9</office_id>
		<detailed_office_id>0</detailed_office_id>
		<pics>0</pics>
		<status>1</status>
		<shift_id>1</shift_id>
		<shift_type>1</shift_type>
	</employee>
	<employee>
		<id>1483</id>
		<salut>MR.</salut>
		<fname>FREDELITO</fname>
		<mname>APOOSTOL</mname>
		<lname>DOMINGO</lname>
		<salary_grade>22</salary_grade>
		<step>3</step>
		<monthly_salary></monthly_salary>
		<permanent>1</permanent>
		<office_id>9</office_id>
		<detailed_office_id>0</detailed_office_id>
		<pics>SAM_0309.JPG</pics>
		<status>1</status>
		<shift_id>1</shift_id>
		<shift_type>1</shift_type>
	</employee>
	<employee>
		<id>1487</id>
		<salut>MR.</salut>
		<fname>JERRY</fname>
		<mname>LABONERA</mname>
		<lname>DOMINGO</lname>
		<salary_grade>20</salary_grade>
		<step>1</step>
		<monthly_salary></monthly_salary>
		<permanent>1</permanent>
		<office_id>21</office_id>
		<detailed_office_id>0</detailed_office_id>
		<pics>SAM_1619.JPG</pics>
		<status>1</status>
		<shift_id>1</shift_id>
		<shift_type>1</shift_type>
	</employee>
	<employee>
		<id>1014</id>
		<salut>Mrs.</salut>
		<fname>DELIA</fname>
		<mname>PONCE DE LEON</mname>
		<lname>DORIA</lname>
		<salary_grade>16</salary_grade>
		<step>8</step>
		<monthly_salary></monthly_salary>
		<permanent>1</permanent>
		<office_id>19</office_id>
		<detailed_office_id>0</detailed_office_id>
		<pics>21-March201008_13_50.jpg</pics>
		<status>1</status>
		<shift_id>1</shift_id>
		<shift_type>1</shift_type>
	</employee>
	<employee>
		<id>1035</id>
		<salut>Mrs.</salut>
		<fname>ROSALIE</fname>
		<mname>BUADO</mname>
		<lname>EDICA</lname>
		<salary_grade>8</salary_grade>
		<step>1</step>
		<monthly_salary></monthly_salary>
		<permanent>1</permanent>
		<office_id>12</office_id>
		<detailed_office_id>0</detailed_office_id>
		<pics>21-February201008_29_16.jpg</pics>
		<status>1</status>
		<shift_id>1</shift_id>
		<shift_type>1</shift_type>
	</employee>
	<employee>
		<id>1345</id>
		<salut>Mr.</salut>
		<fname>RODRIGO</fname>
		<mname>RADOC</mname>
		<lname>FERNANDEZ</lname>
		<salary_grade>3</salary_grade>
		<step>6</step>
		<monthly_salary></monthly_salary>
		<permanent>1</permanent>
		<office_id>4</office_id>
		<detailed_office_id>0</detailed_office_id>
		<pics>21-February201005_46_51.jpg</pics>
		<status>1</status>
		<shift_id>1</shift_id>
		<shift_type>1</shift_type>
	</employee>
	<employee>
		<id>1392</id>
		<salut>Mr.</salut>
		<fname>REYNALD</fname>
		<mname>ARENIO</mname>
		<lname>GABUNIA</lname>
		<salary_grade>1</salary_grade>
		<step>1</step>
		<monthly_salary></monthly_salary>
		<permanent>5</permanent>
		<office_id>37</office_id>
		<detailed_office_id>0</detailed_office_id>
		<pics>21-April201002_11_30.jpg</pics>
		<status>1</status>
		<shift_id>1</shift_id>
		<shift_type>1</shift_type>
	</employee>
	<employee>
		<id>1371</id>
		<salut>Mrs.</salut>
		<fname>FERMINITA</fname>
		<mname>YAPPARCON</mname>
		<lname>GAMILLA</lname>
		<salary_grade>16</salary_grade>
		<step>8</step>
		<monthly_salary></monthly_salary>
		<permanent>1</permanent>
		<office_id>19</office_id>
		<detailed_office_id>0</detailed_office_id>
		<pics>21-March201008_22_57.jpg</pics>
		<status>1</status>
		<shift_id>1</shift_id>
		<shift_type>1</shift_type>
	</employee>
	<employee>
		<id>1505</id>
		<salut>fdf</salut>
		<fname>gfg</fname>
		<mname>f</mname>
		<lname>gfgg</lname>
		<salary_grade>1</salary_grade>
		<step>1</step>
		<monthly_salary></monthly_salary>
		<permanent>1</permanent>
		<office_id>21</office_id>
		<detailed_office_id>0</detailed_office_id>
		<pics>0</pics>
		<status>1</status>
		<shift_id>0</shift_id>
		<shift_type>0</shift_type>
	</employee>
	<employee>
		<id>1437</id>
		<salut>Mr. </salut>
		<fname>WALTER</fname>
		<mname>PARIÑAS</mname>
		<lname>GONZALES</lname>
		<salary_grade>16</salary_grade>
		<step>1</step>
		<monthly_salary></monthly_salary>
		<permanent>1</permanent>
		<office_id>19</office_id>
		<detailed_office_id>0</detailed_office_id>
		<pics>21-May201010_43_08.jpg</pics>
		<status>1</status>
		<shift_id>1</shift_id>
		<shift_type>1</shift_type>
	</employee>
	<employee>
		<id>1028</id>
		<salut>Mr.</salut>
		<fname>JUSTINO</fname>
		<mname>BALDOZA</mname>
		<lname>GUZON</lname>
		<salary_grade>3</salary_grade>
		<step>2</step>
		<monthly_salary></monthly_salary>
		<permanent>1</permanent>
		<office_id>26</office_id>
		<detailed_office_id>26</detailed_office_id>
		<pics>21-March201003_34_30.jpg</pics>
		<status>1</status>
		<shift_id>1</shift_id>
		<shift_type>1</shift_type>
	</employee>
	<employee>
		<id>1363</id>
		<salut>Hon.</salut>
		<fname>MARK DAVID</fname>
		<mname>MORATO</mname>
		<lname>HAGEDORN</lname>
		<salary_grade>27</salary_grade>
		<step>1</step>
		<monthly_salary></monthly_salary>
		<permanent>6</permanent>
		<office_id>36</office_id>
		<detailed_office_id>0</detailed_office_id>
		<pics>21-February201002_25_00.jpg</pics>
		<status>1</status>
		<shift_id>1</shift_id>
		<shift_type>1</shift_type>
	</employee>
	<employee>
		<id>1796</id>
		<salut>hfg</salut>
		<fname>hgh</fname>
		<mname>hg</mname>
		<lname>hghg</lname>
		<salary_grade>1</salary_grade>
		<step>1</step>
		<monthly_salary></monthly_salary>
		<permanent>1</permanent>
		<office_id>21</office_id>
		<detailed_office_id>0</detailed_office_id>
		<pics>0</pics>
		<status>1</status>
		<shift_id>3</shift_id>
		<shift_type>3</shift_type>
	</employee>
	<employee>
		<id>1563</id>
		<salut>ioio</salut>
		<fname>oioi</fname>
		<mname>oio</mname>
		<lname>ioioio</lname>
		<salary_grade>1</salary_grade>
		<step>1</step>
		<monthly_salary></monthly_salary>
		<permanent>1</permanent>
		<office_id>21</office_id>
		<detailed_office_id>0</detailed_office_id>
		<pics>0</pics>
		<status>1</status>
		<shift_id>4</shift_id>
		<shift_type>4</shift_type>
	</employee>
	<employee>
		<id>1372</id>
		<salut>Mrs.</salut>
		<fname>MA. LOURDES</fname>
		<mname>TAYAG</mname>
		<lname>JARANILLA</lname>
		<salary_grade>8</salary_grade>
		<step>5</step>
		<monthly_salary></monthly_salary>
		<permanent>1</permanent>
		<office_id>19</office_id>
		<detailed_office_id>0</detailed_office_id>
		<pics>21-March201012_56_41.jpg</pics>
		<status>1</status>
		<shift_id>1</shift_id>
		<shift_type>1</shift_type>
	</employee>
	<employee>
		<id>1465</id>
		<salut>MR.</salut>
		<fname>JAMERO</fname>
		<mname>REMO</mname>
		<lname>JAVAREZ</lname>
		<salary_grade>6</salary_grade>
		<step>1</step>
		<monthly_salary></monthly_salary>
		<permanent>1</permanent>
		<office_id>23</office_id>
		<detailed_office_id>0</detailed_office_id>
		<pics>0</pics>
		<status>1</status>
		<shift_id>1</shift_id>
		<shift_type>1</shift_type>
	</employee>
	<employee>
		<id>1027</id>
		<salut>Mr.</salut>
		<fname>OLIVER</fname>
		<mname>SISNORIO</mname>
		<lname>LAZO</lname>
		<salary_grade>4</salary_grade>
		<step>1</step>
		<monthly_salary></monthly_salary>
		<permanent>5</permanent>
		<office_id>11</office_id>
		<detailed_office_id>10</detailed_office_id>
		<pics>21-March201003_00_14.jpg</pics>
		<status>1</status>
		<shift_id>1</shift_id>
		<shift_type>1</shift_type>
	</employee>
	<employee>
		<id>1357</id>
		<salut>Ms.</salut>
		<fname>MARIVIC</fname>
		<mname>MARTE</mname>
		<lname>LEGASPI</lname>
		<salary_grade>14</salary_grade>
		<step>1</step>
		<monthly_salary></monthly_salary>
		<permanent>5</permanent>
		<office_id>11</office_id>
		<detailed_office_id>0</detailed_office_id>
		<pics>21-March201003_01_59.jpg</pics>
		<status>1</status>
		<shift_id>1</shift_id>
		<shift_type>1</shift_type>
	</employee>
	<employee>
		<id>1503</id>
		<salut>Ms.</salut>
		<fname>Angel</fname>
		<mname>A</mname>
		<lname>Locsin</lname>
		<salary_grade>18</salary_grade>
		<step>1</step>
		<monthly_salary></monthly_salary>
		<permanent>1</permanent>
		<office_id>6</office_id>
		<detailed_office_id>0</detailed_office_id>
		<pics>angel-locsin04.jpg</pics>
		<status>1</status>
		<shift_id>0</shift_id>
		<shift_type>0</shift_type>
	</employee>
	<employee>
		<id>1504</id>
		<salut>Ms.</salut>
		<fname>Angel</fname>
		<mname>H</mname>
		<lname>Locsin</lname>
		<salary_grade>18</salary_grade>
		<step>1</step>
		<monthly_salary></monthly_salary>
		<permanent>1</permanent>
		<office_id>21</office_id>
		<detailed_office_id>0</detailed_office_id>
		<pics>angel-locsin04.jpg</pics>
		<status>1</status>
		<shift_id>3</shift_id>
		<shift_type>3</shift_type>
	</employee>
	<employee>
		<id>1364</id>
		<salut>Mr.</salut>
		<fname>DEMETRIO, JR.</fname>
		<mname>ANIAR</mname>
		<lname>LOPEZ</lname>
		<salary_grade>15</salary_grade>
		<step>1</step>
		<monthly_salary></monthly_salary>
		<permanent>1</permanent>
		<office_id>41</office_id>
		<detailed_office_id>0</detailed_office_id>
		<pics>21-February201003_04_11.jpg</pics>
		<status>1</status>
		<shift_id>1</shift_id>
		<shift_type>1</shift_type>
	</employee>
	<employee>
		<id>1461</id>
		<salut>Mr.</salut>
		<fname>ALDRIN</fname>
		<mname>CATUBLAS</mname>
		<lname>MAGALLON</lname>
		<salary_grade>1</salary_grade>
		<step>1</step>
		<monthly_salary></monthly_salary>
		<permanent>1</permanent>
		<office_id>17</office_id>
		<detailed_office_id>0</detailed_office_id>
		<pics>Sunset.jpg</pics>
		<status>1</status>
		<shift_id>1</shift_id>
		<shift_type>1</shift_type>
	</employee>
	<employee>
		<id>1338</id>
		<salut>Ms.</salut>
		<fname>LORNA</fname>
		<mname>DALUMPINES</mname>
		<lname>MARANAN</lname>
		<salary_grade>3</salary_grade>
		<step>8</step>
		<monthly_salary></monthly_salary>
		<permanent>1</permanent>
		<office_id>17</office_id>
		<detailed_office_id>18</detailed_office_id>
		<pics>21-March201003_52_01.jpg</pics>
		<status>1</status>
		<shift_id>1</shift_id>
		<shift_type>1</shift_type>
	</employee>
	<employee>
		<id>1365</id>
		<salut>Hon.</salut>
		<fname>LUIS III</fname>
		<mname>MARIMLA</mname>
		<lname>MARCAIDA</lname>
		<salary_grade>27</salary_grade>
		<step>1</step>
		<monthly_salary></monthly_salary>
		<permanent>1</permanent>
		<office_id>36</office_id>
		<detailed_office_id>0</detailed_office_id>
		<pics>21-February201003_30_42.jpg</pics>
		<status>1</status>
		<shift_id>1</shift_id>
		<shift_type>1</shift_type>
	</employee>
	<employee>
		<id>1443</id>
		<salut>Mr.</salut>
		<fname>EDMUND</fname>
		<mname>MORANTE</mname>
		<lname>MARCELINO</lname>
		<salary_grade>1</salary_grade>
		<step>1</step>
		<monthly_salary></monthly_salary>
		<permanent>5</permanent>
		<office_id>37</office_id>
		<detailed_office_id>0</detailed_office_id>
		<pics>21-July201006_26_29.jpg</pics>
		<status>1</status>
		<shift_id>1</shift_id>
		<shift_type>1</shift_type>
	</employee>
	<employee>
		<id>1430</id>
		<salut>ms</salut>
		<fname>Delia</fname>
		<mname>Barredo</mname>
		<lname>Martinez</lname>
		<salary_grade>1</salary_grade>
		<step>1</step>
		<monthly_salary></monthly_salary>
		<permanent>1</permanent>
		<office_id>46</office_id>
		<detailed_office_id>0</detailed_office_id>
		<pics></pics>
		<status>1</status>
		<shift_id>1</shift_id>
		<shift_type>1</shift_type>
	</employee>
	<employee>
		<id>1477</id>
		<salut>Mr.</salut>
		<fname>Gary</fname>
		<mname>L</mname>
		<lname>Martinez</lname>
		<salary_grade>24</salary_grade>
		<step>4</step>
		<monthly_salary></monthly_salary>
		<permanent>1</permanent>
		<office_id>21</office_id>
		<detailed_office_id>0</detailed_office_id>
		<pics>piolo-pascual.jpg</pics>
		<status>1</status>
		<shift_id>1</shift_id>
		<shift_type>1</shift_type>
	</employee>
	<employee>
		<id>1469</id>
		<salut>MR.</salut>
		<fname>RODERICK</fname>
		<mname></mname>
		<lname>MARTIREZ</lname>
		<salary_grade>6</salary_grade>
		<step>1</step>
		<monthly_salary></monthly_salary>
		<permanent>1</permanent>
		<office_id>43</office_id>
		<detailed_office_id>0</detailed_office_id>
		<pics>0</pics>
		<status>1</status>
		<shift_id>1</shift_id>
		<shift_type>1</shift_type>
	</employee>
	<employee>
		<id>1341</id>
		<salut>Mr.</salut>
		<fname>HIPOLITO</fname>
		<mname>NATAD</mname>
		<lname>MURCIA</lname>
		<salary_grade>15</salary_grade>
		<step>4</step>
		<monthly_salary></monthly_salary>
		<permanent>1</permanent>
		<office_id>3</office_id>
		<detailed_office_id>0</detailed_office_id>
		<pics>21-February201003_40_17.jpg</pics>
		<status>1</status>
		<shift_id>1</shift_id>
		<shift_type>1</shift_type>
	</employee>
	<employee>
		<id>1381</id>
		<salut>Mr.</salut>
		<fname>CHARLIE</fname>
		<mname>LAGUERTA</mname>
		<lname>NALZARO</lname>
		<salary_grade>3</salary_grade>
		<step>1</step>
		<monthly_salary></monthly_salary>
		<permanent>1</permanent>
		<office_id>9</office_id>
		<detailed_office_id>0</detailed_office_id>
		<pics>21-March201002_57_32.jpg</pics>
		<status>1</status>
		<shift_id>1</shift_id>
		<shift_type>1</shift_type>
	</employee>
	<employee>
		<id>1482</id>
		<salut>Ms</salut>
		<fname>rebecca</fname>
		<mname>rodriguez</mname>
		<lname>noceda</lname>
		<salary_grade>15</salary_grade>
		<step>1</step>
		<monthly_salary></monthly_salary>
		<permanent>1</permanent>
		<office_id>21</office_id>
		<detailed_office_id>0</detailed_office_id>
		<pics>CIMG0141.JPG</pics>
		<status>1</status>
		<shift_id>2</shift_id>
		<shift_type>2</shift_type>
	</employee>
	<employee>
		<id>1440</id>
		<salut>Ms.</salut>
		<fname>FLORAMAR</fname>
		<mname>RUIZ</mname>
		<lname>ONIOT</lname>
		<salary_grade>1</salary_grade>
		<step>1</step>
		<monthly_salary></monthly_salary>
		<permanent>5</permanent>
		<office_id>37</office_id>
		<detailed_office_id>0</detailed_office_id>
		<pics>21-July201005_55_13.jpg</pics>
		<status>1</status>
		<shift_id>1</shift_id>
		<shift_type>1</shift_type>
	</employee>
	<employee>
		<id>1019</id>
		<salut>Mrs.</salut>
		<fname>MARIETTA</fname>
		<mname>DODOY</mname>
		<lname>ORDOÑEZ</lname>
		<salary_grade>4</salary_grade>
		<step>8</step>
		<monthly_salary></monthly_salary>
		<permanent>1</permanent>
		<office_id>19</office_id>
		<detailed_office_id>0</detailed_office_id>
		<pics>21-March201002_53_15.jpg</pics>
		<status>1</status>
		<shift_id>1</shift_id>
		<shift_type>1</shift_type>
	</employee>
	<employee>
		<id>1439</id>
		<salut>Mr</salut>
		<fname>LARRY</fname>
		<mname>LAPIRA</mname>
		<lname>PADILLA</lname>
		<salary_grade>1</salary_grade>
		<step>1</step>
		<monthly_salary></monthly_salary>
		<permanent>5</permanent>
		<office_id>37</office_id>
		<detailed_office_id>0</detailed_office_id>
		<pics></pics>
		<status>1</status>
		<shift_id>1</shift_id>
		<shift_type>1</shift_type>
	</employee>
	<employee>
		<id>1337</id>
		<salut>Mr.</salut>
		<fname>ISAURO, JR.</fname>
		<mname>SACLET</mname>
		<lname>PALANCA </lname>
		<salary_grade>6</salary_grade>
		<step>7</step>
		<monthly_salary></monthly_salary>
		<permanent>1</permanent>
		<office_id>17</office_id>
		<detailed_office_id>18</detailed_office_id>
		<pics>21-March201006_50_40.jpg</pics>
		<status>1</status>
		<shift_id>1</shift_id>
		<shift_type>1</shift_type>
	</employee>
	<employee>
		<id>1373</id>
		<salut>Dr.</salut>
		<fname>DEAN</fname>
		<mname>LIM</mname>
		<lname>PALANCA</lname>
		<salary_grade>23</salary_grade>
		<step>2</step>
		<monthly_salary></monthly_salary>
		<permanent>1</permanent>
		<office_id>19</office_id>
		<detailed_office_id>0</detailed_office_id>
		<pics>21-March201003_16_52.jpg</pics>
		<status>1</status>
		<shift_id>1</shift_id>
		<shift_type>1</shift_type>
	</employee>
	<employee>
		<id>1374</id>
		<salut>Dr.</salut>
		<fname>RICARDO</fname>
		<mname>BORJA</mname>
		<lname>PANGANIBAN</lname>
		<salary_grade>24</salary_grade>
		<step>3</step>
		<monthly_salary></monthly_salary>
		<permanent>1</permanent>
		<office_id>19</office_id>
		<detailed_office_id>0</detailed_office_id>
		<pics>21-March201003_23_49.jpg</pics>
		<status>1</status>
		<shift_id>1</shift_id>
		<shift_type>1</shift_type>
	</employee>
	<employee>
		<id>1033</id>
		<salut>Ms.</salut>
		<fname>JONALYN</fname>
		<mname>ECHAGUE</mname>
		<lname>PARDIAN</lname>
		<salary_grade>11</salary_grade>
		<step>1</step>
		<monthly_salary></monthly_salary>
		<permanent>5</permanent>
		<office_id>37</office_id>
		<detailed_office_id>0</detailed_office_id>
		<pics>21-April201011_32_37.jpg</pics>
		<status>1</status>
		<shift_id>1</shift_id>
		<shift_type>1</shift_type>
	</employee>
	<employee>
		<id>1419</id>
		<salut>Ms</salut>
		<fname>Wilma</fname>
		<mname>Laude</mname>
		<lname>Paredes</lname>
		<salary_grade>1</salary_grade>
		<step>1</step>
		<monthly_salary></monthly_salary>
		<permanent>1</permanent>
		<office_id>46</office_id>
		<detailed_office_id>0</detailed_office_id>
		<pics></pics>
		<status>1</status>
		<shift_id>1</shift_id>
		<shift_type>1</shift_type>
	</employee>
	<employee>
		<id>1489</id>
		<salut>MRS.</salut>
		<fname>GLORIA</fname>
		<mname>MENANCIO</mname>
		<lname>PASSION</lname>
		<salary_grade>22</salary_grade>
		<step>7</step>
		<monthly_salary></monthly_salary>
		<permanent>1</permanent>
		<office_id>21</office_id>
		<detailed_office_id>0</detailed_office_id>
		<pics>100_1033.JPG</pics>
		<status>1</status>
		<shift_id>1</shift_id>
		<shift_type>1</shift_type>
	</employee>
	<employee>
		<id>1375</id>
		<salut>Mrs.</salut>
		<fname>ISABELITA</fname>
		<mname>ALVAREZ</mname>
		<lname>PELONIA</lname>
		<salary_grade>22</salary_grade>
		<step>2</step>
		<monthly_salary></monthly_salary>
		<permanent>1</permanent>
		<office_id>47</office_id>
		<detailed_office_id>0</detailed_office_id>
		<pics>21-March201003_33_09.jpg</pics>
		<status>1</status>
		<shift_id>1</shift_id>
		<shift_type>1</shift_type>
	</employee>
	<employee>
		<id>1476</id>
		<salut>Ms</salut>
		<fname>Chatty</fname>
		<mname>L</mname>
		<lname>Perez</lname>
		<salary_grade>18</salary_grade>
		<step>1</step>
		<monthly_salary></monthly_salary>
		<permanent>1</permanent>
		<office_id>21</office_id>
		<detailed_office_id>0</detailed_office_id>
		<pics>angel-locsin04.jpg</pics>
		<status>1</status>
		<shift_id>2</shift_id>
		<shift_type>2</shift_type>
	</employee>
	<employee>
		<id>1013</id>
		<salut>Mrs.</salut>
		<fname>DELMA</fname>
		<mname>MAGBANUA</mname>
		<lname>PINGOL</lname>
		<salary_grade>3</salary_grade>
		<step>8</step>
		<monthly_salary></monthly_salary>
		<permanent>1</permanent>
		<office_id>25</office_id>
		<detailed_office_id>0</detailed_office_id>
		<pics>21-March201009_11_39.jpg</pics>
		<status>1</status>
		<shift_id>1</shift_id>
		<shift_type>1</shift_type>
	</employee>
	<employee>
		<id>1441</id>
		<salut>Ms.</salut>
		<fname>VIA ANGELA</fname>
		<mname>DE GUZMAN</mname>
		<lname>PRIVADO</lname>
		<salary_grade>1</salary_grade>
		<step>1</step>
		<monthly_salary></monthly_salary>
		<permanent>5</permanent>
		<office_id>37</office_id>
		<detailed_office_id>0</detailed_office_id>
		<pics>21-July201006_15_59.jpg</pics>
		<status>1</status>
		<shift_id>1</shift_id>
		<shift_type>1</shift_type>
	</employee>
	<employee>
		<id>1442</id>
		<salut>Ms.</salut>
		<fname>SONIA</fname>
		<mname>PARANGUE</mname>
		<lname>QUINTERO</lname>
		<salary_grade>1</salary_grade>
		<step>1</step>
		<monthly_salary></monthly_salary>
		<permanent>5</permanent>
		<office_id>37</office_id>
		<detailed_office_id>0</detailed_office_id>
		<pics>21-July201006_19_24.jpg</pics>
		<status>1</status>
		<shift_id>1</shift_id>
		<shift_type>1</shift_type>
	</employee>
	<employee>
		<id>1336</id>
		<salut>Mrs.</salut>
		<fname>YOLANDA</fname>
		<mname>CARANDANG</mname>
		<lname>QUIZON</lname>
		<salary_grade>4</salary_grade>
		<step>3</step>
		<monthly_salary></monthly_salary>
		<permanent>5</permanent>
		<office_id>11</office_id>
		<detailed_office_id>4</detailed_office_id>
		<pics>21-March201005_34_02.jpg</pics>
		<status>1</status>
		<shift_id>1</shift_id>
		<shift_type>1</shift_type>
	</employee>
	<employee>
		<id>1460</id>
		<salut>Mr.</salut>
		<fname>WILFRED RYAN</fname>
		<mname>OLIVA</mname>
		<lname>RABANG</lname>
		<salary_grade>3</salary_grade>
		<step>1</step>
		<monthly_salary></monthly_salary>
		<permanent>5</permanent>
		<office_id>37</office_id>
		<detailed_office_id>0</detailed_office_id>
		<pics>pretty_Moon_light.jpg</pics>
		<status>1</status>
		<shift_id>1</shift_id>
		<shift_type>1</shift_type>
	</employee>
	<employee>
		<id>1467</id>
		<salut>Mrs.</salut>
		<fname>EVELYN</fname>
		<mname>BARCENAS</mname>
		<lname>RABANG</lname>
		<salary_grade>3</salary_grade>
		<step>1</step>
		<monthly_salary></monthly_salary>
		<permanent>2</permanent>
		<office_id>9</office_id>
		<detailed_office_id>0</detailed_office_id>
		<pics>0</pics>
		<status>1</status>
		<shift_id>1</shift_id>
		<shift_type>1</shift_type>
	</employee>
	<employee>
		<id>1026</id>
		<salut>Mr.</salut>
		<fname>LAMBERTO</fname>
		<mname>GONZALES</mname>
		<lname>RAMA</lname>
		<salary_grade>22</salary_grade>
		<step>7</step>
		<monthly_salary></monthly_salary>
		<permanent>1</permanent>
		<office_id>25</office_id>
		<detailed_office_id>0</detailed_office_id>
		<pics>21-March201001_45_35.jpg</pics>
		<status>1</status>
		<shift_id>1</shift_id>
		<shift_type>1</shift_type>
	</employee>
	<employee>
		<id>1462</id>
		<salut>Ms.</salut>
		<fname>JUVY</fname>
		<mname>SANTIAGO</mname>
		<lname>RAMOS</lname>
		<salary_grade>4</salary_grade>
		<step>1</step>
		<monthly_salary></monthly_salary>
		<permanent>1</permanent>
		<office_id>42</office_id>
		<detailed_office_id>0</detailed_office_id>
		<pics>0</pics>
		<status>1</status>
		<shift_id>1</shift_id>
		<shift_type>1</shift_type>
	</employee>
	<employee>
		<id>1466</id>
		<salut>MR.</salut>
		<fname>ROBERTO, JR</fname>
		<mname>RANIN</mname>
		<lname>REMO</lname>
		<salary_grade>1</salary_grade>
		<step>1</step>
		<monthly_salary></monthly_salary>
		<permanent>1</permanent>
		<office_id>23</office_id>
		<detailed_office_id>0</detailed_office_id>
		<pics>IMG_0620.jpg</pics>
		<status>1</status>
		<shift_id>1</shift_id>
		<shift_type>1</shift_type>
	</employee>
	<employee>
		<id>1376</id>
		<salut>Dra.</salut>
		<fname>JANETH</fname>
		<mname>CUENCAHO</mname>
		<lname>RESTON</lname>
		<salary_grade>20</salary_grade>
		<step>1</step>
		<monthly_salary></monthly_salary>
		<permanent>1</permanent>
		<office_id>19</office_id>
		<detailed_office_id>0</detailed_office_id>
		<pics>21-March201003_33_38.jpg</pics>
		<status>1</status>
		<shift_id>1</shift_id>
		<shift_type>1</shift_type>
	</employee>
	<employee>
		<id>1484</id>
		<salut>Mrs.</salut>
		<fname>Carmelita</fname>
		<mname>Pelagio</mname>
		<lname>Resurreccion</lname>
		<salary_grade>23</salary_grade>
		<step>7</step>
		<monthly_salary></monthly_salary>
		<permanent>1</permanent>
		<office_id>52</office_id>
		<detailed_office_id>0</detailed_office_id>
		<pics>100_1036.JPG</pics>
		<status>1</status>
		<shift_id>1</shift_id>
		<shift_type>1</shift_type>
	</employee>
	<employee>
		<id>1485</id>
		<salut>Mrs.</salut>
		<fname>CARMELITA</fname>
		<mname>PELAGIO</mname>
		<lname>RESURRECCION</lname>
		<salary_grade>22</salary_grade>
		<step>7</step>
		<monthly_salary></monthly_salary>
		<permanent>1</permanent>
		<office_id>52</office_id>
		<detailed_office_id>0</detailed_office_id>
		<pics>100_1036.JPG</pics>
		<status>1</status>
		<shift_id>1</shift_id>
		<shift_type>1</shift_type>
	</employee>
	<employee>
		<id>1474</id>
		<salut>Mr.</salut>
		<fname>Luisito</fname>
		<mname>M</mname>
		<lname>Reyes</lname>
		<salary_grade>26</salary_grade>
		<step>8</step>
		<monthly_salary></monthly_salary>
		<permanent>1</permanent>
		<office_id>21</office_id>
		<detailed_office_id>0</detailed_office_id>
		<pics>0</pics>
		<status>1</status>
		<shift_id>0</shift_id>
		<shift_type>0</shift_type>
	</employee>
	<employee>
		<id>1379</id>
		<salut>Mrs.</salut>
		<fname>ANNALEA</fname>
		<mname>PENONIA</mname>
		<lname>REYNOSO</lname>
		<salary_grade>9</salary_grade>
		<step>2</step>
		<monthly_salary></monthly_salary>
		<permanent>1</permanent>
		<office_id>40</office_id>
		<detailed_office_id>0</detailed_office_id>
		<pics>21-March201005_36_00.jpg</pics>
		<status>1</status>
		<shift_id>1</shift_id>
		<shift_type>1</shift_type>
	</employee>
	<employee>
		<id>1432</id>
		<salut>Ms</salut>
		<fname>Analeah</fname>
		<mname>Penonia</mname>
		<lname>Reynoso</lname>
		<salary_grade>1</salary_grade>
		<step>1</step>
		<monthly_salary></monthly_salary>
		<permanent>1</permanent>
		<office_id>46</office_id>
		<detailed_office_id>0</detailed_office_id>
		<pics></pics>
		<status>1</status>
		<shift_id>1</shift_id>
		<shift_type>1</shift_type>
	</employee>
	<employee>
		<id>1449</id>
		<salut>Mr</salut>
		<fname>ROGER</fname>
		<mname>VALDERAMA</mname>
		<lname>RICON</lname>
		<salary_grade>1</salary_grade>
		<step>1</step>
		<monthly_salary></monthly_salary>
		<permanent>1</permanent>
		<office_id>17</office_id>
		<detailed_office_id>0</detailed_office_id>
		<pics>21-August201002_26_23.jpg</pics>
		<status>1</status>
		<shift_id>1</shift_id>
		<shift_type>1</shift_type>
	</employee>
	<employee>
		<id>1346</id>
		<salut>Mr.</salut>
		<fname>RIZALDO</fname>
		<mname>ABALA</mname>
		<lname>RODRIGUEZ</lname>
		<salary_grade>11</salary_grade>
		<step>5</step>
		<monthly_salary></monthly_salary>
		<permanent>1</permanent>
		<office_id>35</office_id>
		<detailed_office_id>0</detailed_office_id>
		<pics>21-February201002_13_14.jpg</pics>
		<status>1</status>
		<shift_id>1</shift_id>
		<shift_type>1</shift_type>
	</employee>
	<employee>
		<id>1347</id>
		<salut>Mr.</salut>
		<fname>KRISTOFFER</fname>
		<mname>MANALON</mname>
		<lname>ROMASANTA</lname>
		<salary_grade>7</salary_grade>
		<step>2</step>
		<monthly_salary></monthly_salary>
		<permanent>1</permanent>
		<office_id>23</office_id>
		<detailed_office_id>0</detailed_office_id>
		<pics>21-November200901_21_04.jpg</pics>
		<status>1</status>
		<shift_id>1</shift_id>
		<shift_type>1</shift_type>
	</employee>
	<employee>
		<id>1339</id>
		<salut>Mr.</salut>
		<fname>FELIMON</fname>
		<mname>RODRIGUEZ</mname>
		<lname>SABAS</lname>
		<salary_grade>1</salary_grade>
		<step>1</step>
		<monthly_salary></monthly_salary>
		<permanent>1</permanent>
		<office_id>21</office_id>
		<detailed_office_id>0</detailed_office_id>
		<pics>flag_of_Philippines.gif</pics>
		<status>1</status>
		<shift_id>1</shift_id>
		<shift_type>1</shift_type>
	</employee>
	<employee>
		<id>1389</id>
		<salut>Dra.</salut>
		<fname>INDIRA</fname>
		<mname>ALAYON</mname>
		<lname>SANTIAGO</lname>
		<salary_grade>22</salary_grade>
		<step>2</step>
		<monthly_salary></monthly_salary>
		<permanent>1</permanent>
		<office_id>40</office_id>
		<detailed_office_id>0</detailed_office_id>
		<pics>21-May201001_17_20.jpg</pics>
		<status>1</status>
		<shift_id>1</shift_id>
		<shift_type>1</shift_type>
	</employee>
	<employee>
		<id>1378</id>
		<salut>Mr.</salut>
		<fname>JOHN THEODORE</fname>
		<mname>BALTAZAR</mname>
		<lname>SANTIAGO</lname>
		<salary_grade>6</salary_grade>
		<step>4</step>
		<monthly_salary></monthly_salary>
		<permanent>1</permanent>
		<office_id>40</office_id>
		<detailed_office_id>34</detailed_office_id>
		<pics>21-March201006_00_19.jpg</pics>
		<status>1</status>
		<shift_id>1</shift_id>
		<shift_type>1</shift_type>
	</employee>
	<employee>
		<id>1457</id>
		<salut>Mrs.</salut>
		<fname>MARITESS</fname>
		<mname>HERRERA</mname>
		<lname>SELGA</lname>
		<salary_grade>11</salary_grade>
		<step>8</step>
		<monthly_salary></monthly_salary>
		<permanent>1</permanent>
		<office_id>19</office_id>
		<detailed_office_id>0</detailed_office_id>
		<pics>Water_lilies.jpg</pics>
		<status>1</status>
		<shift_id>1</shift_id>
		<shift_type>1</shift_type>
	</employee>
	<employee>
		<id>1380</id>
		<salut>Mrs.</salut>
		<fname>JAMILA</fname>
		<mname>JUAN</mname>
		<lname>SULOG</lname>
		<salary_grade>4</salary_grade>
		<step>2</step>
		<monthly_salary></monthly_salary>
		<permanent>1</permanent>
		<office_id>40</office_id>
		<detailed_office_id>0</detailed_office_id>
		<pics>21-March201006_07_47.jpg</pics>
		<status>1</status>
		<shift_id>1</shift_id>
		<shift_type>1</shift_type>
	</employee>
	<employee>
		<id>1434</id>
		<salut>Ms</salut>
		<fname>Marilyn</fname>
		<mname>Magbanua</mname>
		<lname>Sumandal</lname>
		<salary_grade>1</salary_grade>
		<step>1</step>
		<monthly_salary></monthly_salary>
		<permanent>1</permanent>
		<office_id>46</office_id>
		<detailed_office_id>0</detailed_office_id>
		<pics></pics>
		<status>1</status>
		<shift_id>1</shift_id>
		<shift_type>1</shift_type>
	</employee>
	<employee>
		<id>1438</id>
		<salut>Mr.</salut>
		<fname>REYNALDO</fname>
		<mname>MOLE</mname>
		<lname>TIMBANCAYA</lname>
		<salary_grade>1</salary_grade>
		<step>1</step>
		<monthly_salary></monthly_salary>
		<permanent>5</permanent>
		<office_id>37</office_id>
		<detailed_office_id>0</detailed_office_id>
		<pics>21-July201002_29_57.jpg</pics>
		<status>1</status>
		<shift_id>1</shift_id>
		<shift_type>1</shift_type>
	</employee>
	<employee>
		<id>1448</id>
		<salut>Mrs</salut>
		<fname>MARIA LYN</fname>
		<mname>BUNCAG</mname>
		<lname>TIMBANCAYA</lname>
		<salary_grade>1</salary_grade>
		<step>1</step>
		<monthly_salary></monthly_salary>
		<permanent>1</permanent>
		<office_id>13</office_id>
		<detailed_office_id>0</detailed_office_id>
		<pics>21-August201012_17_46.jpg</pics>
		<status>1</status>
		<shift_id>1</shift_id>
		<shift_type>1</shift_type>
	</employee>
	<employee>
		<id>1342</id>
		<salut>Mr.</salut>
		<fname>RODRIGO</fname>
		<mname>DAGOT</mname>
		<lname>VALDEZTAMON</lname>
		<salary_grade>8</salary_grade>
		<step>7</step>
		<monthly_salary></monthly_salary>
		<permanent>1</permanent>
		<office_id>3</office_id>
		<detailed_office_id>0</detailed_office_id>
		<pics>21-February201003_43_25.jpg</pics>
		<status>1</status>
		<shift_id>1</shift_id>
		<shift_type>1</shift_type>
	</employee>
	<employee>
		<id>1017</id>
		<salut>Mrs.</salut>
		<fname>NORA</fname>
		<mname>MAGBANUA</mname>
		<lname>VELASCO</lname>
		<salary_grade>11</salary_grade>
		<step>5</step>
		<monthly_salary></monthly_salary>
		<permanent>1</permanent>
		<office_id>47</office_id>
		<detailed_office_id>0</detailed_office_id>
		<pics>21-March201007_05_58.jpg</pics>
		<status>1</status>
		<shift_id>1</shift_id>
		<shift_type>1</shift_type>
	</employee>
	<employee>
		<id>1369</id>
		<salut>Mrs.</salut>
		<fname>FLORDELIZA</fname>
		<mname>RELADO</mname>
		<lname>VENTURILLO</lname>
		<salary_grade>4</salary_grade>
		<step>7</step>
		<monthly_salary></monthly_salary>
		<permanent>1</permanent>
		<office_id>19</office_id>
		<detailed_office_id>0</detailed_office_id>
		<pics>21-March201007_11_29.jpg</pics>
		<status>1</status>
		<shift_id>1</shift_id>
		<shift_type>1</shift_type>
	</employee>
	<employee>
		<id>1447</id>
		<salut>Ms.</salut>
		<fname>MYLENE</fname>
		<mname>SUMALINOG</mname>
		<lname>VENTURILLO</lname>
		<salary_grade>1</salary_grade>
		<step>1</step>
		<monthly_salary></monthly_salary>
		<permanent>1</permanent>
		<office_id>19</office_id>
		<detailed_office_id>0</detailed_office_id>
		<pics>21-August201006_13_11.jpg</pics>
		<status>1</status>
		<shift_id>1</shift_id>
		<shift_type>1</shift_type>
	</employee>
	<employee>
		<id>1366</id>
		<salut>Mrs.</salut>
		<fname>TERESITA</fname>
		<mname>ARBOLEDA</mname>
		<lname>VILLENA</lname>
		<salary_grade>22</salary_grade>
		<step>3</step>
		<monthly_salary></monthly_salary>
		<permanent>5</permanent>
		<office_id>11</office_id>
		<detailed_office_id>0</detailed_office_id>
		<pics>21-March201007_05_12.jpg</pics>
		<status>1</status>
		<shift_id>1</shift_id>
		<shift_type>1</shift_type>
	</employee>
	<employee>
		<id>1464</id>
		<salut>Mr.</salut>
		<fname>ARTURO</fname>
		<mname>PERLAS</mname>
		<lname>VILLEZA</lname>
		<salary_grade>4</salary_grade>
		<step>1</step>
		<monthly_salary></monthly_salary>
		<permanent>1</permanent>
		<office_id>9</office_id>
		<detailed_office_id>0</detailed_office_id>
		<pics>0</pics>
		<status>1</status>
		<shift_id>1</shift_id>
		<shift_type>1</shift_type>
	</employee>
	<employee>
		<id>1020</id>
		<salut>Dra.</salut>
		<fname>MA. TERESA</fname>
		<mname>SANTOS</mname>
		<lname>WYCOCO</lname>
		<salary_grade>20</salary_grade>
		<step>1</step>
		<monthly_salary></monthly_salary>
		<permanent>1</permanent>
		<office_id>19</office_id>
		<detailed_office_id>0</detailed_office_id>
		<pics>21-March201007_20_47.jpg</pics>
		<status>1</status>
		<shift_id>1</shift_id>
		<shift_type>1</shift_type>
	</employee>
	<employee>
		<id>1510</id>
		<salut>manok</salut>
		<fname>Manolito</fname>
		<mname>uyuyuy</mname>
		<lname>Younghusband</lname>
		<salary_grade>1</salary_grade>
		<step>1</step>
		<monthly_salary></monthly_salary>
		<permanent>1</permanent>
		<office_id>21</office_id>
		<detailed_office_id>0</detailed_office_id>
		<pics>0</pics>
		<status>1</status>
		<shift_id>1</shift_id>
		<shift_type>1</shift_type>
	</employee>
</root>